Kabupaten/Kota,Sambal jadi,Tahun,Provinsi
Simeulue,42,2018,Aceh
Aceh Singkil,17,2018,Aceh
Aceh Selatan,1,2018,Aceh
Aceh Tenggara,23,2018,Aceh
Aceh Timur,2,2018,Aceh
Aceh Tengah,2,2018,Aceh
Aceh Barat,9,2018,Aceh
Aceh Besar,45,2018,Aceh
Pidie,2,2018,Aceh
Bireuen,14,2018,Aceh
Aceh Utara,0,2018,Aceh
Aceh Barat Daya,2,2018,Aceh
Gayo Lues,24,2018,Aceh
Aceh Tamiang,13,2018,Aceh
Nagan Raya,13,2018,Aceh
Aceh Jaya,3,2018,Aceh
Bener Meriah,4,2018,Aceh
Pidie Jaya,0,2018,Aceh
Banda Aceh,104,2018,Aceh
Sabang,93,2018,Aceh
Langsa,18,2018,Aceh
Lhokseumawe,65,2018,Aceh
Subulussalam,,2018,Aceh
Nias,5,2018,Sumatera Utara
Mandailing Natal,5,2018,Sumatera Utara
Tapanuli Selatan,16,2018,Sumatera Utara
Tapanuli Tengah,1,2018,Sumatera Utara
Tapanuli Utara,3,2018,Sumatera Utara
Toba Samosir,18,2018,Sumatera Utara
Labuhan Batu,23,2018,Sumatera Utara
Asahan,16,2018,Sumatera Utara
Simalungun,9,2018,Sumatera Utara
Dairi,11,2018,Sumatera Utara
Karo,4,2018,Sumatera Utara
Deli Serdang,43,2018,Sumatera Utara
Langkat,13,2018,Sumatera Utara
Nias Selatan,18,2018,Sumatera Utara
Humbang Hasundutan,6,2018,Sumatera Utara
Pakpak Bharat,2,2018,Sumatera Utara
Samosir,3,2018,Sumatera Utara
Serdang Bedagai,8,2018,Sumatera Utara
Batu Bara,10,2018,Sumatera Utara
Padang Lawas Utara,1,2018,Sumatera Utara
Padang Lawas,15,2018,Sumatera Utara
Labuhan Batu Selatan,4,2018,Sumatera Utara
Labuhan Batu Utara,8,2018,Sumatera Utara
Nias Utara,1,2018,Sumatera Utara
Nias Barat,5,2018,Sumatera Utara
Sibolga,9,2018,Sumatera Utara
Tanjung Balai,35,2018,Sumatera Utara
Pematang Siantar,28,2018,Sumatera Utara
Tebing Tinggi,40,2018,Sumatera Utara
Medan,116,2018,Sumatera Utara
Binjai,78,2018,Sumatera Utara
Padangsidimpuan,26,2018,Sumatera Utara
Gunungsitoli,9,2018,Sumatera Utara
Kepulauan Mentawai,101,2018,Sumatera Barat
Pesisir Selatan,4,2018,Sumatera Barat
Solok,6,2018,Sumatera Barat
Sijunjung,6,2018,Sumatera Barat
Tanah Datar,25,2018,Sumatera Barat
Padang Pariaman,32,2018,Sumatera Barat
Agam,22,2018,Sumatera Barat
Lima Puluh Kota,15,2018,Sumatera Barat
Pasaman,9,2018,Sumatera Barat
Solok Selatan,19,2018,Sumatera Barat
Dharmasraya,39,2018,Sumatera Barat
Pasaman Barat,9,2018,Sumatera Barat
Padang,153,2018,Sumatera Barat
Sawah Lunto,46,2018,Sumatera Barat
Padang Panjang,135,2018,Sumatera Barat
Bukittinggi,69,2018,Sumatera Barat
Payakumbuh,95,2018,Sumatera Barat
Pariaman,61,2018,Sumatera Barat
Kuantan Singingi,28,2018,Riau
Indragiri Hulu,22,2018,Riau
Indragiri Hilir,49,2018,Riau
Pelalawan,55,2018,Riau
Siak,79,2018,Riau
Kampar,49,2018,Riau
Rokan Hulu,37,2018,Riau
Bengkalis,57,2018,Riau
Rokan Hilir,36,2018,Riau
Kepulauan Meranti,18,2018,Riau
Pekanbaru,160,2018,Riau
Dumai,81,2018,Riau
Kerinci,3,2018,Jambi
Merangin,18,2018,Jambi
Sarolangun,17,2018,Jambi
Batang Hari,17,2018,Jambi
Muaro Jambi,65,2018,Jambi
Tanjung Jabung Timur,15,2018,Jambi
Tanjung Jabung Barat,38,2018,Jambi
Tebo,40,2018,Jambi
Bungo,17,2018,Jambi
Jambi,145,2018,Jambi
Sungai Penuh,49,2018,Jambi
Ogan Komering Ulu,77,2018,Sumatera Selatan
Ogan Komering Ilir,54,2018,Sumatera Selatan
Muara Enim,42,2018,Sumatera Selatan
Lahat,19,2018,Sumatera Selatan
Musi Rawas,13,2018,Sumatera Selatan
Musi Banyuasin,57,2018,Sumatera Selatan
Banyu Asin,33,2018,Sumatera Selatan
Ogan Komering Ulu Selatan,3,2018,Sumatera Selatan
Ogan Komering Ulu Timur,10,2018,Sumatera Selatan
Ogan Ilir,34,2018,Sumatera Selatan
Empat Lawang,9,2018,Sumatera Selatan
Penukal Abab Lematang Ilir,24,2018,Sumatera Selatan
Musi Rawas Utara,30,2018,Sumatera Selatan
Palembang,203,2018,Sumatera Selatan
Prabumulih,97,2018,Sumatera Selatan
Pagar Alam,25,2018,Sumatera Selatan
Lubuklinggau,64,2018,Sumatera Selatan
Bengkulu Selatan,14,2018,Bengkulu
Rejang Lebong,14,2018,Bengkulu
Bengkulu Utara,22,2018,Bengkulu
Kaur,15,2018,Bengkulu
Seluma,2,2018,Bengkulu
Mukomuko,24,2018,Bengkulu
Lebong,5,2018,Bengkulu
Kepahiang,32,2018,Bengkulu
Bengkulu Tengah,19,2018,Bengkulu
Bengkulu,160,2018,Bengkulu
Lampung Barat,5,2018,Lampung
Tanggamus,16,2018,Lampung
Lampung Selatan,20,2018,Lampung
Lampung Timur,4,2018,Lampung
Lampung Tengah,4,2018,Lampung
Lampung Utara,10,2018,Lampung
Way Kanan,4,2018,Lampung
Tulangbawang,5,2018,Lampung
Pesawaran,36,2018,Lampung
Pringsewu,23,2018,Lampung
Mesuji,36,2018,Lampung
Tulang Bawang Barat,16,2018,Lampung
Pesisir Barat,19,2018,Lampung
Bandar Lampung,117,2018,Lampung
Metro,69,2018,Lampung
Bangka,184,2018,Kepulauan Bangka Belitung
Belitung,100,2018,Kepulauan Bangka Belitung
Bangka Barat,16,2018,Kepulauan Bangka Belitung
Bangka Tengah,143,2018,Kepulauan Bangka Belitung
Bangka Selatan,44,2018,Kepulauan Bangka Belitung
Belitung Timur,81,2018,Kepulauan Bangka Belitung
Pangkal Pinang,130,2018,Kepulauan Bangka Belitung
Karimun,114,2018,Kepulauan Riau
Bintan,111,2018,Kepulauan Riau
Natuna,257,2018,Kepulauan Riau
Lingga,175,2018,Kepulauan Riau
Kepulauan Anambas,338,2018,Kepulauan Riau
Batam,236,2018,Kepulauan Riau
Tanjung Pinang,165,2018,Kepulauan Riau
Kep. Seribu,146,2018,DKI Jakarta
Jakarta Selatan,312,2018,D.K.I. Jakarta
Jakarta Timur,193,2018,D.K.I. Jakarta
Jakarta Pusat,125,2018,D.K.I. Jakarta
Jakarta Barat,162,2018,D.K.I. Jakarta
Jakarta Utara,134,2018,D.K.I. Jakarta
Bogor,85,2018,Jawa Barat
Sukabumi,29,2018,Jawa Barat
Cianjur,51,2018,Jawa Barat
Bandung,107,2018,Jawa Barat
Garut,32,2018,Jawa Barat
Tasikmalaya,17,2018,Jawa Barat
Ciamis,17,2018,Jawa Barat
Kuningan,20,2018,Jawa Barat
Cirebon,48,2018,Jawa Barat
Majalengka,31,2018,Jawa Barat
Sumedang,41,2018,Jawa Barat
Indramayu,74,2018,Jawa Barat
Subang,52,2018,Jawa Barat
Purwakarta,43,2018,Jawa Barat
Karawang,100,2018,Jawa Barat
Bekasi,62,2018,Jawa Barat
Bandung Barat,30,2018,Jawa Barat
Pangandaran,28,2018,Jawa Barat
Depok,181,2018,Jawa Barat
Cimahi,152,2018,Jawa Barat
Banjar,19,2018,Jawa Barat
Cilacap,29,2018,Jawa Tengah
Banyumas,29,2018,Jawa Tengah
Purbalingga,17,2018,Jawa Tengah
Banjarnegara,12,2018,Jawa Tengah
Kebumen,12,2018,Jawa Tengah
Purworejo,13,2018,Jawa Tengah
Wonosobo,14,2018,Jawa Tengah
Magelang,21,2018,Jawa Tengah
Boyolali,28,2018,Jawa Tengah
Klaten,41,2018,Jawa Tengah
Sukoharjo,27,2018,Jawa Tengah
Wonogiri,7,2018,Jawa Tengah
Karanganyar,9,2018,Jawa Tengah
Sragen,24,2018,Jawa Tengah
Grobogan,19,2018,Jawa Tengah
Blora,25,2018,Jawa Tengah
Rembang,9,2018,Jawa Tengah
Pati,8,2018,Jawa Tengah
Kudus,19,2018,Jawa Tengah
Jepara,21,2018,Jawa Tengah
Demak,17,2018,Jawa Tengah
Semarang,43,2018,Jawa Tengah
Temanggung,7,2018,Jawa Tengah
Kendal,28,2018,Jawa Tengah
Batang,17,2018,Jawa Tengah
Pekalongan,18,2018,Jawa Tengah
Pemalang,46,2018,Jawa Tengah
Tegal,31,2018,Jawa Tengah
Brebes,49,2018,Jawa Tengah
Surakarta,94,2018,Jawa Tengah
Salatiga,42,2018,Jawa Tengah
Kulon Progo,13,2018,D.I. Yogyakarta
Bantul,63,2018,D.I. Yogyakarta
Gunung Kidul,5,2018,D.I. Yogyakarta
Sleman,50,2018,D.I. Yogyakarta
Yogyakarta,138,2018,D.I. Yogyakarta
Pacitan,10,2018,Jawa Timur
Ponorogo,16,2018,Jawa Timur
Trenggalek,13,2018,Jawa Timur
Tulungagung,32,2018,Jawa Timur
Blitar,33,2018,Jawa Timur
Kediri,35,2018,Jawa Timur
Malang,28,2018,Jawa Timur
Lumajang,14,2018,Jawa Timur
Jember,12,2018,Jawa Timur
Banyuwangi,22,2018,Jawa Timur
Bondowoso,9,2018,Jawa Timur
Situbondo,22,2018,Jawa Timur
Probolinggo,8,2018,Jawa Timur
Pasuruan,22,2018,Jawa Timur
Sidoarjo,119,2018,Jawa Timur
Mojokerto,30,2018,Jawa Timur
Jombang,28,2018,Jawa Timur
Nganjuk,67,2018,Jawa Timur
Madiun,82,2018,Jawa Timur
Magetan,50,2018,Jawa Timur
Ngawi,14,2018,Jawa Timur
Bojonegoro,5,2018,Jawa Timur
Tuban,8,2018,Jawa Timur
Lamongan,24,2018,Jawa Timur
Gresik,64,2018,Jawa Timur
Bangkalan,20,2018,Jawa Timur
Sampang,13,2018,Jawa Timur
Pamekasan,5,2018,Jawa Timur
Sumenep,12,2018,Jawa Timur
Surabaya,161,2018,Jawa Timur
Batu,48,2018,Jawa Timur
Pandeglang,41,2018,Banten
Lebak,61,2018,Banten
Tangerang,96,2018,Banten
Serang,55,2018,Banten
Cilegon,130,2018,Banten
Tangerang Selatan,221,2018,Banten
Jembrana,16,2018,Bali
Tabanan,39,2018,Bali
Badung,121,2018,Bali
Gianyar,23,2018,Bali
Klungkung,76,2018,Bali
Bangli,14,2018,Bali
Karangasem,17,2018,Bali
Buleleng,5,2018,Bali
Denpasar,120,2018,Bali
Lombok Barat,16,2018,Nusa Tenggara Barat
Lombok Tengah,24,2018,Nusa Tenggara Barat
Lombok Timur,36,2018,Nusa Tenggara Barat
Sumbawa,31,2018,Nusa Tenggara Barat
Dompu,38,2018,Nusa Tenggara Barat
Bima,28,2018,Nusa Tenggara Barat
Sumbawa Barat,20,2018,Nusa Tenggara Barat
Lombok Utara,9,2018,Nusa Tenggara Barat
Mataram,67,2018,Nusa Tenggara Barat
Sumba Barat,4,2018,Nusa Tenggara Timur
Sumba Timur,2,2018,Nusa Tenggara Timur
Kupang,12,2018,Nusa Tenggara Timur
Timor Tengah Selatan,1,2018,Nusa Tenggara Timur
Timor Tengah Utara,14,2018,Nusa Tenggara Timur
Belu,1,2018,Nusa Tenggara Timur
Alor,40,2018,Nusa Tenggara Timur
Lembata,15,2018,Nusa Tenggara Timur
Flores Timur,13,2018,Nusa Tenggara Timur
Sikka,31,2018,Nusa Tenggara Timur
Ende,17,2018,Nusa Tenggara Timur
Ngada,22,2018,Nusa Tenggara Timur
Manggarai,9,2018,Nusa Tenggara Timur
Rote Ndao,15,2018,Nusa Tenggara Timur
Manggarai Barat,40,2018,Nusa Tenggara Timur
Sumba Tengah,26,2018,Nusa Tenggara Timur
Sumba Barat Daya,5,2018,Nusa Tenggara Timur
Nagekeo,22,2018,Nusa Tenggara Timur
Manggarai Timur,2,2018,Nusa Tenggara Timur
Sabu Raijua,12,2018,Nusa Tenggara Timur
Malaka,,2018,Nusa Tenggara Timur
Sambas,41,2018,Kalimantan Barat
Bengkayang,44,2018,Kalimantan Barat
Landak,23,2018,Kalimantan Barat
Mempawah,33,2018,Kalimantan Barat
Sanggau,67,2018,Kalimantan Barat
Ketapang,20,2018,Kalimantan Barat
Sintang,25,2018,Kalimantan Barat
Kapuas Hulu,54,2018,Kalimantan Barat
Sekadau,64,2018,Kalimantan Barat
Melawi,14,2018,Kalimantan Barat
Kayong Utara,59,2018,Kalimantan Barat
Kubu Raya,28,2018,Kalimantan Barat
Pontianak,118,2018,Kalimantan Barat
Singkawang,96,2018,Kalimantan Barat
Kotawaringin Barat,35,2018,Kalimantan Tengah
Kotawaringin Timur,79,2018,Kalimantan Tengah
Kapuas,45,2018,Kalimantan Tengah
Barito Selatan,91,2018,Kalimantan Tengah
Barito Utara,84,2018,Kalimantan Tengah
Sukamara,70,2018,Kalimantan Tengah
Lamandau,35,2018,Kalimantan Tengah
Seruyan,71,2018,Kalimantan Tengah
Katingan,105,2018,Kalimantan Tengah
Pulang Pisau,13,2018,Kalimantan Tengah
Gunung Mas,39,2018,Kalimantan Tengah
Barito Timur,56,2018,Kalimantan Tengah
Murung Raya,141,2018,Kalimantan Tengah
Palangka Raya,136,2018,Kalimantan Tengah
Tanah Laut,30,2018,Kalimantan Selatan
Kotabaru,220,2018,Kalimantan Selatan
Barito Kuala,29,2018,Kalimantan Selatan
Tapin,63,2018,Kalimantan Selatan
Hulu Sungai Selatan,29,2018,Kalimantan Selatan
Hulu Sungai Tengah,21,2018,Kalimantan Selatan
Hulu Sungai Utara,43,2018,Kalimantan Selatan
Tabalong,35,2018,Kalimantan Selatan
Tanah Bumbu,22,2018,Kalimantan Selatan
Balangan,17,2018,Kalimantan Selatan
Banjarmasin,209,2018,Kalimantan Selatan
Banjar Baru,117,2018,Kalimantan Selatan
Paser,31,2018,Kalimantan Timur
Kutai Barat,67,2018,Kalimantan Timur
Kutai Kartanegara,57,2018,Kalimantan Timur
Kutai Timur,236,2018,Kalimantan Timur
Berau,168,2018,Kalimantan Timur
Penajam Paser Utara,51,2018,Kalimantan Timur
Mahakam Ulu,31,2018,Kalimantan Timur
Balikpapan,184,2018,Kalimantan Timur
Samarinda,152,2018,Kalimantan Timur
Bontang,222,2018,Kalimantan Timur
Malinau,61,2018,Kalimantan Utara
Bulungan,54,2018,Kalimantan Utara
Tana Tidung,135,2018,Kalimantan Utara
Nunukan,63,2018,Kalimantan Utara
Tarakan,144,2018,Kalimantan Utara
Bolaang Mongondow,2,2018,Sulawesi Utara
Minahasa,12,2018,Sulawesi Utara
Kepulauan Sangihe,29,2018,Sulawesi Utara
Kepulauan Talaud,8,2018,Sulawesi Utara
Minahasa Selatan,2,2018,Sulawesi Utara
Minahasa Utara,65,2018,Sulawesi Utara
Bolaang Mongondow Utara,11,2018,Sulawesi Utara
Siau Tagulandang Biaro,8,2018,Sulawesi Utara
Minahasa Tenggara,8,2018,Sulawesi Utara
Bolaang Mongondow Selatan,9,2018,Sulawesi Utara
Bolaang Mongondow Timur,11,2018,Sulawesi Utara
Manado,108,2018,Sulawesi Utara
Bitung,62,2018,Sulawesi Utara
Tomohon,29,2018,Sulawesi Utara
Kotamobagu,41,2018,Sulawesi Utara
Banggai Kepulauan,3,2018,Sulawesi Tengah
Banggai,42,2018,Sulawesi Tengah
Morowali,95,2018,Sulawesi Tengah
Poso,67,2018,Sulawesi Tengah
Donggala,17,2018,Sulawesi Tengah
Toli-Toli,32,2018,Sulawesi Tengah
Buol,9,2018,Sulawesi Tengah
Parigi Moutong,6,2018,Sulawesi Tengah
Tojo Una-Una,19,2018,Sulawesi Tengah
Sigi,20,2018,Sulawesi Tengah
Banggai Laut,78,2018,Sulawesi Tengah
Morowali Utara,20,2018,Sulawesi Tengah
Palu,75,2018,Sulawesi Tengah
Kepulauan Selayar,79,2018,Sulawesi Selatan
Bulukumba,90,2018,Sulawesi Selatan
Bantaeng,65,2018,Sulawesi Selatan
Jeneponto,61,2018,Sulawesi Selatan
Takalar,67,2018,Sulawesi Selatan
Gowa,80,2018,Sulawesi Selatan
Sinjai,67,2018,Sulawesi Selatan
Maros,105,2018,Sulawesi Selatan
Pangkajene dan Kepulauan,93,2018,Sulawesi Selatan
Barru,37,2018,Sulawesi Selatan
Bone,63,2018,Sulawesi Selatan
Soppeng,79,2018,Sulawesi Selatan
Wajo,93,2018,Sulawesi Selatan
Sidenreng Rappang,28,2018,Sulawesi Selatan
Pinrang,24,2018,Sulawesi Selatan
Enrekang,20,2018,Sulawesi Selatan
Luwu,70,2018,Sulawesi Selatan
Tana Toraja,3,2018,Sulawesi Selatan
Luwu Utara,31,2018,Sulawesi Selatan
Luwu Timur,108,2018,Sulawesi Selatan
Toraja Utara,7,2018,Sulawesi Selatan
Makasar,245,2018,Sulawesi Selatan
Parepare,102,2018,Sulawesi Selatan
Palopo,122,2018,Sulawesi Selatan
Buton,3,2018,Sulawesi Tenggara
Muna,20,2018,Sulawesi Tenggara
Konawe,55,2018,Sulawesi Tenggara
Kolaka,72,2018,Sulawesi Tenggara
Konawe Selatan,25,2018,Sulawesi Tenggara
Bombana,145,2018,Sulawesi Tenggara
Wakatobi,92,2018,Sulawesi Tenggara
Kolaka Utara,53,2018,Sulawesi Tenggara
Buton Utara,46,2018,Sulawesi Tenggara
Konawe Utara,44,2018,Sulawesi Tenggara
Kolaka Timur,28,2018,Sulawesi Tenggara
Konawe Kepulauan,110,2018,Sulawesi Tenggara
Muna Barat,,2018,Sulawesi Tenggara
Buton Tengah,219,2018,Sulawesi Tenggara
Buton Selatan,11,2018,Sulawesi Tenggara
Kendari,157,2018,Sulawesi Tenggara
Baubau,114,2018,Sulawesi Tenggara
Boalemo,46,2018,Gorontalo
Gorontalo,13,2018,Gorontalo
Pohuwato,1,2018,Gorontalo
Bone Bolango,16,2018,Gorontalo
Gorontalo Utara,,2018,Gorontalo
Majene,105,2018,Sulawesi Barat
Polewali Mandar,25,2018,Sulawesi Barat
Mamasa,5,2018,Sulawesi Barat
Mamuju,42,2018,Sulawesi Barat
Mamuju Utara,43,2018,Sulawesi Barat
Mamuju Tengah,29,2018,Sulawesi Barat
Maluku Tenggara Barat,13,2018,Maluku
Maluku Tenggara,53,2018,Maluku
Maluku Tengah,24,2018,Maluku
Buru,54,2018,Maluku
Kepulauan Aru,49,2018,Maluku
Seram Bagian Barat,12,2018,Maluku
Seram Bagian Timur,43,2018,Maluku
Maluku Barat Daya,108,2018,Maluku
Buru Selatan,10,2018,Maluku
Ambon,156,2018,Maluku
Tual,61,2018,Maluku
Halmahera Barat,7,2018,Maluku Utara
Halmahera Tengah,69,2018,Maluku Utara
Kepulauan Sula,22,2018,Maluku Utara
Halmahera Selatan,71,2018,Maluku Utara
Halmahera Utara,75,2018,Maluku Utara
Halmahera Timur,21,2018,Maluku Utara
Pulau Morotai,12,2018,Maluku Utara
Pulau Taliabu,53,2018,Maluku Utara
Ternate,112,2018,Maluku Utara
Tidore Kepulauan,29,2018,Maluku Utara
Fakfak,39,2018,Papua Barat
Kaimana,212,2018,Papua Barat
Teluk Wondama,113,2018,Papua Barat
Teluk Bintuni,187,2018,Papua Barat
Manokwari,30,2018,Papua Barat
Sorong Selatan,161,2018,Papua Barat
Sorong,49,2018,Papua Barat
Raja Ampat,250,2018,Papua Barat
Tambrauw,9,2018,Papua Barat
Maybrat,37,2018,Papua Barat
Manokwari Selatan,17,2018,Papua Barat
Pegunungan Arfak,1,2018,Papua Barat
Merauke,28,2018,Papua
Jayawijaya,2,2018,Papua
Jayapura,49,2018,Papua
Nabire,128,2018,Papua
Kepulauan Yapen,48,2018,Papua
Biak Numfor,113,2018,Papua
Paniai,21,2018,Papua
Puncak Jaya,11,2018,Papua
Mimika,203,2018,Papua
Boven Digoel,94,2018,Papua
Mappi,49,2018,Papua
Asmat,41,2018,Papua
Yahukimo,,2018,Papua
Pegunungan Bintang,95,2018,Papua
Tolikara,4,2018,Papua
Sarmi,113,2018,Papua
Keerom,13,2018,Papua
Waropen,318,2018,Papua
Supiori,41,2018,Papua
Mamberamo Raya,1,2018,Papua
Nduga,,2018,Papua
Lanny Jaya,,2018,Papua
Mamberamo Tengah,,2018,Papua
Yalimo,,2018,Papua
Puncak,,2018,Jawa Barat
Dogiyai,,2018,Papua
Intan Jaya,,2018,Papua
Deiyai,2,2018,Papua
Simeulue,7,2019,Aceh
Aceh Singkil,18,2019,Aceh
Aceh Selatan,10,2019,Aceh
Aceh Tenggara,31,2019,Aceh
Aceh Timur,12,2019,Aceh
Aceh Tengah,17,2019,Aceh
Aceh Barat,48,2019,Aceh
Aceh Besar,67,2019,Aceh
Pidie,1,2019,Aceh
Bireuen,4,2019,Aceh
Aceh Utara,2,2019,Aceh
Aceh Barat Daya,,2019,Aceh
Gayo Lues,16,2019,Aceh
Aceh Tamiang,8,2019,Aceh
Nagan Raya,38,2019,Aceh
Aceh Jaya,29,2019,Aceh
Bener Meriah,1,2019,Aceh
Pidie Jaya,4,2019,Aceh
Banda Aceh,67,2019,Aceh
Sabang,51,2019,Aceh
Langsa,52,2019,Aceh
Lhokseumawe,42,2019,Aceh
Subulussalam,10,2019,Aceh
Nias,0,2019,Sumatera Utara
Mandailing Natal,20,2019,Sumatera Utara
Tapanuli Selatan,2,2019,Sumatera Utara
Tapanuli Tengah,9,2019,Sumatera Utara
Tapanuli Utara,3,2019,Sumatera Utara
Toba Samosir,20,2019,Sumatera Utara
Labuhan Batu,12,2019,Sumatera Utara
Asahan,15,2019,Sumatera Utara
Simalungun,6,2019,Sumatera Utara
Dairi,4,2019,Sumatera Utara
Karo,2,2019,Sumatera Utara
Deli Serdang,35,2019,Sumatera Utara
Langkat,19,2019,Sumatera Utara
Nias Selatan,3,2019,Sumatera Utara
Humbang Hasundutan,,2019,Sumatera Utara
Pakpak Bharat,13,2019,Sumatera Utara
Samosir,12,2019,Sumatera Utara
Serdang Bedagai,25,2019,Sumatera Utara
Batu Bara,16,2019,Sumatera Utara
Padang Lawas Utara,8,2019,Sumatera Utara
Padang Lawas,0,2019,Sumatera Utara
Labuhan Batu Selatan,5,2019,Sumatera Utara
Labuhan Batu Utara,2,2019,Sumatera Utara
Nias Utara,1,2019,Sumatera Utara
Nias Barat,1,2019,Sumatera Utara
Sibolga,9,2019,Sumatera Utara
Tanjung Balai,8,2019,Sumatera Utara
Pematang Siantar,9,2019,Sumatera Utara
Tebing Tinggi,69,2019,Sumatera Utara
Medan,198,2019,Sumatera Utara
Binjai,65,2019,Sumatera Utara
Padangsidimpuan,10,2019,Sumatera Utara
Gunungsitoli,7,2019,Sumatera Utara
Kepulauan Mentawai,19,2019,Sumatera Barat
Pesisir Selatan,6,2019,Sumatera Barat
Solok,56,2019,Sumatera Barat
Sijunjung,6,2019,Sumatera Barat
Tanah Datar,23,2019,Sumatera Barat
Padang Pariaman,19,2019,Sumatera Barat
Agam,38,2019,Sumatera Barat
Lima Puluh Kota,8,2019,Sumatera Barat
Pasaman,1,2019,Sumatera Barat
Solok Selatan,11,2019,Sumatera Barat
Dharmasraya,22,2019,Sumatera Barat
Pasaman Barat,14,2019,Sumatera Barat
Padang,83,2019,Sumatera Barat
Sawah Lunto,29,2019,Sumatera Barat
Padang Panjang,115,2019,Sumatera Barat
Bukittinggi,108,2019,Sumatera Barat
Payakumbuh,83,2019,Sumatera Barat
Pariaman,76,2019,Sumatera Barat
Kuantan Singingi,17,2019,Riau
Indragiri Hulu,7,2019,Riau
Indragiri Hilir,51,2019,Riau
Pelalawan,53,2019,Riau
Siak,50,2019,Riau
Kampar,66,2019,Riau
Rokan Hulu,14,2019,Riau
Bengkalis,115,2019,Riau
Rokan Hilir,9,2019,Riau
Kepulauan Meranti,16,2019,Riau
Pekanbaru,143,2019,Riau
Dumai,108,2019,Riau
Kerinci,12,2019,Jambi
Merangin,8,2019,Jambi
Sarolangun,24,2019,Jambi
Batang Hari,29,2019,Jambi
Muaro Jambi,35,2019,Jambi
Tanjung Jabung Timur,7,2019,Jambi
Tanjung Jabung Barat,44,2019,Jambi
Tebo,23,2019,Jambi
Bungo,11,2019,Jambi
Jambi,123,2019,Jambi
Sungai Penuh,30,2019,Jambi
Ogan Komering Ulu,34,2019,Sumatera Selatan
Ogan Komering Ilir,38,2019,Sumatera Selatan
Muara Enim,40,2019,Sumatera Selatan
Lahat,28,2019,Sumatera Selatan
Musi Rawas,11,2019,Sumatera Selatan
Musi Banyuasin,58,2019,Sumatera Selatan
Banyu Asin,58,2019,Sumatera Selatan
Ogan Komering Ulu Selatan,23,2019,Sumatera Selatan
Ogan Komering Ulu Timur,17,2019,Sumatera Selatan
Ogan Ilir,28,2019,Sumatera Selatan
Empat Lawang,18,2019,Sumatera Selatan
Penukal Abab Lematang Ilir,36,2019,Sumatera Selatan
Musi Rawas Utara,10,2019,Sumatera Selatan
Palembang,146,2019,Sumatera Selatan
Prabumulih,83,2019,Sumatera Selatan
Pagar Alam,15,2019,Sumatera Selatan
Lubuklinggau,19,2019,Sumatera Selatan
Bengkulu Selatan,18,2019,Bengkulu
Rejang Lebong,26,2019,Bengkulu
Bengkulu Utara,105,2019,Bengkulu
Kaur,10,2019,Bengkulu
Seluma,17,2019,Bengkulu
Mukomuko,14,2019,Bengkulu
Lebong,5,2019,Bengkulu
Kepahiang,4,2019,Bengkulu
Bengkulu Tengah,28,2019,Bengkulu
Bengkulu,137,2019,Bengkulu
Lampung Barat,20,2019,Lampung
Tanggamus,12,2019,Lampung
Lampung Selatan,22,2019,Lampung
Lampung Timur,8,2019,Lampung
Lampung Tengah,8,2019,Lampung
Lampung Utara,40,2019,Lampung
Way Kanan,32,2019,Lampung
Tulangbawang,8,2019,Lampung
Pesawaran,17,2019,Lampung
Pringsewu,16,2019,Lampung
Mesuji,8,2019,Lampung
Tulang Bawang Barat,4,2019,Lampung
Pesisir Barat,19,2019,Lampung
Bandar Lampung,62,2019,Lampung
Metro,28,2019,Lampung
Bangka,147,2019,Kepulauan Bangka Belitung
Belitung,112,2019,Kepulauan Bangka Belitung
Bangka Barat,77,2019,Kepulauan Bangka Belitung
Bangka Tengah,82,2019,Kepulauan Bangka Belitung
Bangka Selatan,132,2019,Kepulauan Bangka Belitung
Belitung Timur,100,2019,Kepulauan Bangka Belitung
Pangkal Pinang,273,2019,Kepulauan Bangka Belitung
Karimun,174,2019,Kepulauan Riau
Bintan,159,2019,Kepulauan Riau
Natuna,194,2019,Kepulauan Riau
Lingga,96,2019,Kepulauan Riau
Kepulauan Anambas,280,2019,Kepulauan Riau
Batam,192,2019,Kepulauan Riau
Tanjung Pinang,168,2019,Kepulauan Riau
Kep. Seribu,139,2019,DKI Jakarta
Jakarta Selatan,238,2019,D.K.I. Jakarta
Jakarta Timur,160,2019,D.K.I. Jakarta
Jakarta Pusat,238,2019,D.K.I. Jakarta
Jakarta Barat,135,2019,D.K.I. Jakarta
Jakarta Utara,136,2019,D.K.I. Jakarta
Bogor,94,2019,Jawa Barat
Sukabumi,39,2019,Jawa Barat
Cianjur,19,2019,Jawa Barat
Bandung,97,2019,Jawa Barat
Garut,22,2019,Jawa Barat
Tasikmalaya,36,2019,Jawa Barat
Ciamis,23,2019,Jawa Barat
Kuningan,24,2019,Jawa Barat
Cirebon,63,2019,Jawa Barat
Majalengka,23,2019,Jawa Barat
Sumedang,27,2019,Jawa Barat
Indramayu,66,2019,Jawa Barat
Subang,50,2019,Jawa Barat
Purwakarta,80,2019,Jawa Barat
Karawang,73,2019,Jawa Barat
Bekasi,102,2019,Jawa Barat
Bandung Barat,40,2019,Jawa Barat
Pangandaran,33,2019,Jawa Barat
Depok,172,2019,Jawa Barat
Cimahi,219,2019,Jawa Barat
Banjar,30,2019,Jawa Barat
Cilacap,5,2019,Jawa Tengah
Banyumas,18,2019,Jawa Tengah
Purbalingga,14,2019,Jawa Tengah
Banjarnegara,5,2019,Jawa Tengah
Kebumen,17,2019,Jawa Tengah
Purworejo,13,2019,Jawa Tengah
Wonosobo,15,2019,Jawa Tengah
Magelang,15,2019,Jawa Tengah
Boyolali,17,2019,Jawa Tengah
Klaten,41,2019,Jawa Tengah
Sukoharjo,57,2019,Jawa Tengah
Wonogiri,17,2019,Jawa Tengah
Karanganyar,13,2019,Jawa Tengah
Sragen,25,2019,Jawa Tengah
Grobogan,10,2019,Jawa Tengah
Blora,18,2019,Jawa Tengah
Rembang,11,2019,Jawa Tengah
Pati,6,2019,Jawa Tengah
Kudus,7,2019,Jawa Tengah
Jepara,23,2019,Jawa Tengah
Demak,28,2019,Jawa Tengah
Semarang,15,2019,Jawa Tengah
Temanggung,10,2019,Jawa Tengah
Kendal,34,2019,Jawa Tengah
Batang,11,2019,Jawa Tengah
Pekalongan,14,2019,Jawa Tengah
Pemalang,39,2019,Jawa Tengah
Tegal,33,2019,Jawa Tengah
Brebes,28,2019,Jawa Tengah
Surakarta,48,2019,Jawa Tengah
Salatiga,67,2019,Jawa Tengah
Kulon Progo,34,2019,D.I. Yogyakarta
Bantul,59,2019,D.I. Yogyakarta
Gunung Kidul,16,2019,D.I. Yogyakarta
Sleman,69,2019,D.I. Yogyakarta
Yogyakarta,81,2019,D.I. Yogyakarta
Pacitan,22,2019,Jawa Timur
Ponorogo,36,2019,Jawa Timur
Trenggalek,13,2019,Jawa Timur
Tulungagung,27,2019,Jawa Timur
Blitar,53,2019,Jawa Timur
Kediri,36,2019,Jawa Timur
Malang,18,2019,Jawa Timur
Lumajang,9,2019,Jawa Timur
Jember,2,2019,Jawa Timur
Banyuwangi,17,2019,Jawa Timur
Bondowoso,9,2019,Jawa Timur
Situbondo,51,2019,Jawa Timur
Probolinggo,23,2019,Jawa Timur
Pasuruan,19,2019,Jawa Timur
Sidoarjo,147,2019,Jawa Timur
Mojokerto,53,2019,Jawa Timur
Jombang,22,2019,Jawa Timur
Nganjuk,74,2019,Jawa Timur
Madiun,55,2019,Jawa Timur
Magetan,54,2019,Jawa Timur
Ngawi,26,2019,Jawa Timur
Bojonegoro,10,2019,Jawa Timur
Tuban,4,2019,Jawa Timur
Lamongan,8,2019,Jawa Timur
Gresik,27,2019,Jawa Timur
Bangkalan,10,2019,Jawa Timur
Sampang,1,2019,Jawa Timur
Pamekasan,6,2019,Jawa Timur
Sumenep,25,2019,Jawa Timur
Surabaya,53,2019,Jawa Timur
Batu,75,2019,Jawa Timur
Pandeglang,23,2019,Banten
Lebak,55,2019,Banten
Tangerang,135,2019,Banten
Serang,51,2019,Banten
Cilegon,80,2019,Banten
Tangerang Selatan,153,2019,Banten
Jembrana,4,2019,Bali
Tabanan,37,2019,Bali
Badung,169,2019,Bali
Gianyar,23,2019,Bali
Klungkung,70,2019,Bali
Bangli,18,2019,Bali
Karangasem,5,2019,Bali
Buleleng,19,2019,Bali
Denpasar,97,2019,Bali
Lombok Barat,27,2019,Nusa Tenggara Barat
Lombok Tengah,15,2019,Nusa Tenggara Barat
Lombok Timur,16,2019,Nusa Tenggara Barat
Sumbawa,15,2019,Nusa Tenggara Barat
Dompu,16,2019,Nusa Tenggara Barat
Bima,27,2019,Nusa Tenggara Barat
Sumbawa Barat,56,2019,Nusa Tenggara Barat
Lombok Utara,,2019,Nusa Tenggara Barat
Mataram,52,2019,Nusa Tenggara Barat
Sumba Barat,6,2019,Nusa Tenggara Timur
Sumba Timur,2,2019,Nusa Tenggara Timur
Kupang,5,2019,Nusa Tenggara Timur
Timor Tengah Selatan,1,2019,Nusa Tenggara Timur
Timor Tengah Utara,8,2019,Nusa Tenggara Timur
Belu,6,2019,Nusa Tenggara Timur
Alor,20,2019,Nusa Tenggara Timur
Lembata,31,2019,Nusa Tenggara Timur
Flores Timur,24,2019,Nusa Tenggara Timur
Sikka,19,2019,Nusa Tenggara Timur
Ende,9,2019,Nusa Tenggara Timur
Ngada,22,2019,Nusa Tenggara Timur
Manggarai,12,2019,Nusa Tenggara Timur
Rote Ndao,25,2019,Nusa Tenggara Timur
Manggarai Barat,34,2019,Nusa Tenggara Timur
Sumba Tengah,0,2019,Nusa Tenggara Timur
Sumba Barat Daya,,2019,Nusa Tenggara Timur
Nagekeo,2,2019,Nusa Tenggara Timur
Manggarai Timur,6,2019,Nusa Tenggara Timur
Sabu Raijua,14,2019,Nusa Tenggara Timur
Malaka,2,2019,Nusa Tenggara Timur
Sambas,22,2019,Kalimantan Barat
Bengkayang,13,2019,Kalimantan Barat
Landak,15,2019,Kalimantan Barat
Mempawah,35,2019,Kalimantan Barat
Sanggau,47,2019,Kalimantan Barat
Ketapang,57,2019,Kalimantan Barat
Sintang,20,2019,Kalimantan Barat
Kapuas Hulu,57,2019,Kalimantan Barat
Sekadau,32,2019,Kalimantan Barat
Melawi,3,2019,Kalimantan Barat
Kayong Utara,45,2019,Kalimantan Barat
Kubu Raya,60,2019,Kalimantan Barat
Pontianak,100,2019,Kalimantan Barat
Singkawang,72,2019,Kalimantan Barat
Kotawaringin Barat,32,2019,Kalimantan Tengah
Kotawaringin Timur,55,2019,Kalimantan Tengah
Kapuas,45,2019,Kalimantan Tengah
Barito Selatan,123,2019,Kalimantan Tengah
Barito Utara,74,2019,Kalimantan Tengah
Sukamara,98,2019,Kalimantan Tengah
Lamandau,28,2019,Kalimantan Tengah
Seruyan,64,2019,Kalimantan Tengah
Katingan,53,2019,Kalimantan Tengah
Pulang Pisau,35,2019,Kalimantan Tengah
Gunung Mas,57,2019,Kalimantan Tengah
Barito Timur,49,2019,Kalimantan Tengah
Murung Raya,82,2019,Kalimantan Tengah
Palangka Raya,70,2019,Kalimantan Tengah
Tanah Laut,21,2019,Kalimantan Selatan
Kotabaru,88,2019,Kalimantan Selatan
Barito Kuala,42,2019,Kalimantan Selatan
Tapin,50,2019,Kalimantan Selatan
Hulu Sungai Selatan,37,2019,Kalimantan Selatan
Hulu Sungai Tengah,39,2019,Kalimantan Selatan
Hulu Sungai Utara,46,2019,Kalimantan Selatan
Tabalong,40,2019,Kalimantan Selatan
Tanah Bumbu,74,2019,Kalimantan Selatan
Balangan,50,2019,Kalimantan Selatan
Banjarmasin,100,2019,Kalimantan Selatan
Banjar Baru,111,2019,Kalimantan Selatan
Paser,54,2019,Kalimantan Timur
Kutai Barat,47,2019,Kalimantan Timur
Kutai Kartanegara,75,2019,Kalimantan Timur
Kutai Timur,82,2019,Kalimantan Timur
Berau,187,2019,Kalimantan Timur
Penajam Paser Utara,93,2019,Kalimantan Timur
Mahakam Ulu,26,2019,Kalimantan Timur
Balikpapan,121,2019,Kalimantan Timur
Samarinda,121,2019,Kalimantan Timur
Bontang,133,2019,Kalimantan Timur
Malinau,22,2019,Kalimantan Utara
Bulungan,64,2019,Kalimantan Utara
Tana Tidung,138,2019,Kalimantan Utara
Nunukan,96,2019,Kalimantan Utara
Tarakan,107,2019,Kalimantan Utara
Bolaang Mongondow,8,2019,Sulawesi Utara
Minahasa,5,2019,Sulawesi Utara
Kepulauan Sangihe,16,2019,Sulawesi Utara
Kepulauan Talaud,11,2019,Sulawesi Utara
Minahasa Selatan,14,2019,Sulawesi Utara
Minahasa Utara,64,2019,Sulawesi Utara
Bolaang Mongondow Utara,13,2019,Sulawesi Utara
Siau Tagulandang Biaro,22,2019,Sulawesi Utara
Minahasa Tenggara,16,2019,Sulawesi Utara
Bolaang Mongondow Selatan,7,2019,Sulawesi Utara
Bolaang Mongondow Timur,14,2019,Sulawesi Utara
Manado,62,2019,Sulawesi Utara
Bitung,74,2019,Sulawesi Utara
Tomohon,14,2019,Sulawesi Utara
Kotamobagu,19,2019,Sulawesi Utara
Banggai Kepulauan,1,2019,Sulawesi Tengah
Banggai,20,2019,Sulawesi Tengah
Morowali,95,2019,Sulawesi Tengah
Poso,14,2019,Sulawesi Tengah
Donggala,19,2019,Sulawesi Tengah
Toli-Toli,20,2019,Sulawesi Tengah
Buol,3,2019,Sulawesi Tengah
Parigi Moutong,0,2019,Sulawesi Tengah
Tojo Una-Una,26,2019,Sulawesi Tengah
Sigi,12,2019,Sulawesi Tengah
Banggai Laut,26,2019,Sulawesi Tengah
Morowali Utara,32,2019,Sulawesi Tengah
Palu,72,2019,Sulawesi Tengah
Kepulauan Selayar,164,2019,Sulawesi Selatan
Bulukumba,86,2019,Sulawesi Selatan
Bantaeng,78,2019,Sulawesi Selatan
Jeneponto,67,2019,Sulawesi Selatan
Takalar,58,2019,Sulawesi Selatan
Gowa,77,2019,Sulawesi Selatan
Sinjai,56,2019,Sulawesi Selatan
Maros,116,2019,Sulawesi Selatan
Pangkajene dan Kepulauan,96,2019,Sulawesi Selatan
Barru,45,2019,Sulawesi Selatan
Bone,64,2019,Sulawesi Selatan
Soppeng,84,2019,Sulawesi Selatan
Wajo,132,2019,Sulawesi Selatan
Sidenreng Rappang,52,2019,Sulawesi Selatan
Pinrang,33,2019,Sulawesi Selatan
Enrekang,34,2019,Sulawesi Selatan
Luwu,23,2019,Sulawesi Selatan
Tana Toraja,3,2019,Sulawesi Selatan
Luwu Utara,56,2019,Sulawesi Selatan
Luwu Timur,99,2019,Sulawesi Selatan
Toraja Utara,29,2019,Sulawesi Selatan
Makasar,159,2019,Sulawesi Selatan
Parepare,113,2019,Sulawesi Selatan
Palopo,104,2019,Sulawesi Selatan
Buton,45,2019,Sulawesi Tenggara
Muna,28,2019,Sulawesi Tenggara
Konawe,32,2019,Sulawesi Tenggara
Kolaka,88,2019,Sulawesi Tenggara
Konawe Selatan,29,2019,Sulawesi Tenggara
Bombana,108,2019,Sulawesi Tenggara
Wakatobi,76,2019,Sulawesi Tenggara
Kolaka Utara,72,2019,Sulawesi Tenggara
Buton Utara,43,2019,Sulawesi Tenggara
Konawe Utara,98,2019,Sulawesi Tenggara
Kolaka Timur,35,2019,Sulawesi Tenggara
Konawe Kepulauan,43,2019,Sulawesi Tenggara
Muna Barat,13,2019,Sulawesi Tenggara
Buton Tengah,23,2019,Sulawesi Tenggara
Buton Selatan,26,2019,Sulawesi Tenggara
Kendari,154,2019,Sulawesi Tenggara
Baubau,91,2019,Sulawesi Tenggara
Boalemo,4,2019,Gorontalo
Gorontalo,13,2019,Gorontalo
Pohuwato,8,2019,Gorontalo
Bone Bolango,11,2019,Gorontalo
Gorontalo Utara,1,2019,Gorontalo
Majene,100,2019,Sulawesi Barat
Polewali Mandar,31,2019,Sulawesi Barat
Mamasa,11,2019,Sulawesi Barat
Mamuju,24,2019,Sulawesi Barat
Mamuju Utara,40,2019,Sulawesi Barat
Mamuju Tengah,29,2019,Sulawesi Barat
Maluku Tenggara Barat,36,2019,Maluku
Maluku Tenggara,50,2019,Maluku
Maluku Tengah,11,2019,Maluku
Buru,29,2019,Maluku
Kepulauan Aru,46,2019,Maluku
Seram Bagian Barat,11,2019,Maluku
Seram Bagian Timur,48,2019,Maluku
Maluku Barat Daya,42,2019,Maluku
Buru Selatan,46,2019,Maluku
Ambon,57,2019,Maluku
Tual,61,2019,Maluku
Halmahera Barat,53,2019,Maluku Utara
Halmahera Tengah,91,2019,Maluku Utara
Kepulauan Sula,18,2019,Maluku Utara
Halmahera Selatan,54,2019,Maluku Utara
Halmahera Utara,17,2019,Maluku Utara
Halmahera Timur,9,2019,Maluku Utara
Pulau Morotai,23,2019,Maluku Utara
Pulau Taliabu,26,2019,Maluku Utara
Ternate,34,2019,Maluku Utara
Tidore Kepulauan,32,2019,Maluku Utara
Fakfak,47,2019,Papua Barat
Kaimana,85,2019,Papua Barat
Teluk Wondama,69,2019,Papua Barat
Teluk Bintuni,93,2019,Papua Barat
Manokwari,51,2019,Papua Barat
Sorong Selatan,47,2019,Papua Barat
Sorong,29,2019,Papua Barat
Raja Ampat,141,2019,Papua Barat
Tambrauw,16,2019,Papua Barat
Maybrat,45,2019,Papua Barat
Manokwari Selatan,55,2019,Papua Barat
Pegunungan Arfak,7,2019,Papua Barat
Merauke,30,2019,Papua
Jayawijaya,117,2019,Papua
Jayapura,57,2019,Papua
Nabire,123,2019,Papua
Kepulauan Yapen,36,2019,Papua
Biak Numfor,47,2019,Papua
Paniai,,2019,Papua
Puncak Jaya,9,2019,Papua
Mimika,240,2019,Papua
Boven Digoel,62,2019,Papua
Mappi,122,2019,Papua
Asmat,10,2019,Papua
Yahukimo,,2019,Papua
Pegunungan Bintang,98,2019,Papua
Tolikara,0,2019,Papua
Sarmi,214,2019,Papua
Keerom,57,2019,Papua
Waropen,133,2019,Papua
Supiori,28,2019,Papua
Mamberamo Raya,30,2019,Papua
Nduga,22,2019,Papua
Lanny Jaya,1,2019,Papua
Mamberamo Tengah,5,2019,Papua
Yalimo,,2019,Papua
Puncak,,2019,Jawa Barat
Dogiyai,44,2019,Papua
Intan Jaya,,2019,Papua
Deiyai,,2019,Papua
Simeulue,11,2020,Aceh
Aceh Singkil,5,2020,Aceh
Aceh Selatan,4,2020,Aceh
Aceh Tenggara,27,2020,Aceh
Aceh Timur,6,2020,Aceh
Aceh Tengah,0,2020,Aceh
Aceh Barat,4,2020,Aceh
Aceh Besar,86,2020,Aceh
Pidie,7,2020,Aceh
Bireuen,2,2020,Aceh
Aceh Utara,0,2020,Aceh
Aceh Barat Daya,2,2020,Aceh
Gayo Lues,7,2020,Aceh
Aceh Tamiang,7,2020,Aceh
Nagan Raya,23,2020,Aceh
Aceh Jaya,34,2020,Aceh
Bener Meriah,1,2020,Aceh
Pidie Jaya,11,2020,Aceh
Banda Aceh,112,2020,Aceh
Sabang,127,2020,Aceh
Langsa,54,2020,Aceh
Lhokseumawe,72,2020,Aceh
Subulussalam,2,2020,Aceh
Nias,6,2020,Sumatera Utara
Mandailing Natal,18,2020,Sumatera Utara
Tapanuli Selatan,1,2020,Sumatera Utara
Tapanuli Tengah,9,2020,Sumatera Utara
Tapanuli Utara,3,2020,Sumatera Utara
Toba Samosir,3,2020,Sumatera Utara
Labuhan Batu,11,2020,Sumatera Utara
Asahan,5,2020,Sumatera Utara
Simalungun,21,2020,Sumatera Utara
Dairi,2,2020,Sumatera Utara
Karo,4,2020,Sumatera Utara
Deli Serdang,35,2020,Sumatera Utara
Langkat,2,2020,Sumatera Utara
Nias Selatan,7,2020,Sumatera Utara
Humbang Hasundutan,17,2020,Sumatera Utara
Pakpak Bharat,18,2020,Sumatera Utara
Samosir,29,2020,Sumatera Utara
Serdang Bedagai,24,2020,Sumatera Utara
Batu Bara,20,2020,Sumatera Utara
Padang Lawas Utara,3,2020,Sumatera Utara
Padang Lawas,3,2020,Sumatera Utara
Labuhan Batu Selatan,10,2020,Sumatera Utara
Labuhan Batu Utara,8,2020,Sumatera Utara
Nias Utara,2,2020,Sumatera Utara
Nias Barat,20,2020,Sumatera Utara
Sibolga,9,2020,Sumatera Utara
Tanjung Balai,7,2020,Sumatera Utara
Pematang Siantar,11,2020,Sumatera Utara
Tebing Tinggi,84,2020,Sumatera Utara
Medan,80,2020,Sumatera Utara
Binjai,118,2020,Sumatera Utara
Padangsidimpuan,4,2020,Sumatera Utara
Gunungsitoli,10,2020,Sumatera Utara
Kepulauan Mentawai,11,2020,Sumatera Barat
Pesisir Selatan,31,2020,Sumatera Barat
Solok,15,2020,Sumatera Barat
Sijunjung,22,2020,Sumatera Barat
Tanah Datar,30,2020,Sumatera Barat
Padang Pariaman,16,2020,Sumatera Barat
Agam,31,2020,Sumatera Barat
Lima Puluh Kota,26,2020,Sumatera Barat
Pasaman,9,2020,Sumatera Barat
Solok Selatan,21,2020,Sumatera Barat
Dharmasraya,34,2020,Sumatera Barat
Pasaman Barat,4,2020,Sumatera Barat
Padang,161,2020,Sumatera Barat
Sawah Lunto,25,2020,Sumatera Barat
Padang Panjang,137,2020,Sumatera Barat
Bukittinggi,199,2020,Sumatera Barat
Payakumbuh,132,2020,Sumatera Barat
Pariaman,109,2020,Sumatera Barat
Kuantan Singingi,39,2020,Riau
Indragiri Hulu,35,2020,Riau
Indragiri Hilir,27,2020,Riau
Pelalawan,62,2020,Riau
Siak,41,2020,Riau
Kampar,74,2020,Riau
Rokan Hulu,36,2020,Riau
Bengkalis,107,2020,Riau
Rokan Hilir,35,2020,Riau
Kepulauan Meranti,28,2020,Riau
Pekanbaru,196,2020,Riau
Dumai,104,2020,Riau
Kerinci,5,2020,Jambi
Merangin,7,2020,Jambi
Sarolangun,9,2020,Jambi
Batang Hari,29,2020,Jambi
Muaro Jambi,16,2020,Jambi
Tanjung Jabung Timur,16,2020,Jambi
Tanjung Jabung Barat,38,2020,Jambi
Tebo,27,2020,Jambi
Bungo,31,2020,Jambi
Jambi,212,2020,Jambi
Sungai Penuh,65,2020,Jambi
Ogan Komering Ulu,17,2020,Sumatera Selatan
Ogan Komering Ilir,66,2020,Sumatera Selatan
Muara Enim,64,2020,Sumatera Selatan
Lahat,40,2020,Sumatera Selatan
Musi Rawas,41,2020,Sumatera Selatan
Musi Banyuasin,45,2020,Sumatera Selatan
Banyu Asin,54,2020,Sumatera Selatan
Ogan Komering Ulu Selatan,17,2020,Sumatera Selatan
Ogan Komering Ulu Timur,16,2020,Sumatera Selatan
Ogan Ilir,39,2020,Sumatera Selatan
Empat Lawang,25,2020,Sumatera Selatan
Penukal Abab Lematang Ilir,83,2020,Sumatera Selatan
Musi Rawas Utara,26,2020,Sumatera Selatan
Palembang,184,2020,Sumatera Selatan
Prabumulih,99,2020,Sumatera Selatan
Pagar Alam,11,2020,Sumatera Selatan
Lubuklinggau,67,2020,Sumatera Selatan
Bengkulu Selatan,21,2020,Bengkulu
Rejang Lebong,6,2020,Bengkulu
Bengkulu Utara,10,2020,Bengkulu
Kaur,9,2020,Bengkulu
Seluma,26,2020,Bengkulu
Mukomuko,36,2020,Bengkulu
Lebong,13,2020,Bengkulu
Kepahiang,4,2020,Bengkulu
Bengkulu Tengah,12,2020,Bengkulu
Bengkulu,92,2020,Bengkulu
Lampung Barat,8,2020,Lampung
Tanggamus,12,2020,Lampung
Lampung Selatan,15,2020,Lampung
Lampung Timur,6,2020,Lampung
Lampung Tengah,6,2020,Lampung
Lampung Utara,32,2020,Lampung
Way Kanan,3,2020,Lampung
Tulangbawang,21,2020,Lampung
Pesawaran,22,2020,Lampung
Pringsewu,26,2020,Lampung
Mesuji,9,2020,Lampung
Tulang Bawang Barat,16,2020,Lampung
Pesisir Barat,19,2020,Lampung
Bandar Lampung,146,2020,Lampung
Metro,28,2020,Lampung
Bangka,172,2020,Kepulauan Bangka Belitung
Belitung,148,2020,Kepulauan Bangka Belitung
Bangka Barat,70,2020,Kepulauan Bangka Belitung
Bangka Tengah,88,2020,Kepulauan Bangka Belitung
Bangka Selatan,66,2020,Kepulauan Bangka Belitung
Belitung Timur,121,2020,Kepulauan Bangka Belitung
Pangkal Pinang,225,2020,Kepulauan Bangka Belitung
Karimun,94,2020,Kepulauan Riau
Bintan,152,2020,Kepulauan Riau
Natuna,243,2020,Kepulauan Riau
Lingga,99,2020,Kepulauan Riau
Kepulauan Anambas,419,2020,Kepulauan Riau
Batam,166,2020,Kepulauan Riau
Tanjung Pinang,196,2020,Kepulauan Riau
Kep. Seribu,249,2020,DKI Jakarta
Jakarta Selatan,311,2020,D.K.I. Jakarta
Jakarta Timur,223,2020,D.K.I. Jakarta
Jakarta Pusat,243,2020,D.K.I. Jakarta
Jakarta Barat,218,2020,D.K.I. Jakarta
Jakarta Utara,205,2020,D.K.I. Jakarta
Bogor,62,2020,Jawa Barat
Sukabumi,51,2020,Jawa Barat
Cianjur,30,2020,Jawa Barat
Bandung,88,2020,Jawa Barat
Garut,54,2020,Jawa Barat
Tasikmalaya,28,2020,Jawa Barat
Ciamis,24,2020,Jawa Barat
Kuningan,53,2020,Jawa Barat
Cirebon,53,2020,Jawa Barat
Majalengka,31,2020,Jawa Barat
Sumedang,71,2020,Jawa Barat
Indramayu,71,2020,Jawa Barat
Subang,65,2020,Jawa Barat
Purwakarta,102,2020,Jawa Barat
Karawang,80,2020,Jawa Barat
Bekasi,72,2020,Jawa Barat
Bandung Barat,71,2020,Jawa Barat
Pangandaran,26,2020,Jawa Barat
Depok,236,2020,Jawa Barat
Cimahi,150,2020,Jawa Barat
Banjar,41,2020,Jawa Barat
Cilacap,7,2020,Jawa Tengah
Banyumas,28,2020,Jawa Tengah
Purbalingga,31,2020,Jawa Tengah
Banjarnegara,13,2020,Jawa Tengah
Kebumen,17,2020,Jawa Tengah
Purworejo,14,2020,Jawa Tengah
Wonosobo,13,2020,Jawa Tengah
Magelang,32,2020,Jawa Tengah
Boyolali,14,2020,Jawa Tengah
Klaten,22,2020,Jawa Tengah
Sukoharjo,73,2020,Jawa Tengah
Wonogiri,17,2020,Jawa Tengah
Karanganyar,27,2020,Jawa Tengah
Sragen,24,2020,Jawa Tengah
Grobogan,18,2020,Jawa Tengah
Blora,33,2020,Jawa Tengah
Rembang,6,2020,Jawa Tengah
Pati,9,2020,Jawa Tengah
Kudus,12,2020,Jawa Tengah
Jepara,10,2020,Jawa Tengah
Demak,40,2020,Jawa Tengah
Semarang,37,2020,Jawa Tengah
Temanggung,48,2020,Jawa Tengah
Kendal,24,2020,Jawa Tengah
Batang,18,2020,Jawa Tengah
Pekalongan,52,2020,Jawa Tengah
Pemalang,39,2020,Jawa Tengah
Tegal,30,2020,Jawa Tengah
Brebes,53,2020,Jawa Tengah
Surakarta,103,2020,Jawa Tengah
Salatiga,67,2020,Jawa Tengah
Kulon Progo,29,2020,D.I. Yogyakarta
Bantul,94,2020,D.I. Yogyakarta
Gunung Kidul,4,2020,D.I. Yogyakarta
Sleman,78,2020,D.I. Yogyakarta
Yogyakarta,57,2020,D.I. Yogyakarta
Pacitan,16,2020,Jawa Timur
Ponorogo,63,2020,Jawa Timur
Trenggalek,10,2020,Jawa Timur
Tulungagung,18,2020,Jawa Timur
Blitar,44,2020,Jawa Timur
Kediri,94,2020,Jawa Timur
Malang,27,2020,Jawa Timur
Lumajang,11,2020,Jawa Timur
Jember,14,2020,Jawa Timur
Banyuwangi,23,2020,Jawa Timur
Bondowoso,10,2020,Jawa Timur
Situbondo,20,2020,Jawa Timur
Probolinggo,24,2020,Jawa Timur
Pasuruan,36,2020,Jawa Timur
Sidoarjo,161,2020,Jawa Timur
Mojokerto,52,2020,Jawa Timur
Jombang,43,2020,Jawa Timur
Nganjuk,61,2020,Jawa Timur
Madiun,77,2020,Jawa Timur
Magetan,38,2020,Jawa Timur
Ngawi,43,2020,Jawa Timur
Bojonegoro,3,2020,Jawa Timur
Tuban,7,2020,Jawa Timur
Lamongan,25,2020,Jawa Timur
Gresik,38,2020,Jawa Timur
Bangkalan,10,2020,Jawa Timur
Sampang,14,2020,Jawa Timur
Pamekasan,27,2020,Jawa Timur
Sumenep,11,2020,Jawa Timur
Surabaya,113,2020,Jawa Timur
Batu,85,2020,Jawa Timur
Pandeglang,43,2020,Banten
Lebak,32,2020,Banten
Tangerang,137,2020,Banten
Serang,25,2020,Banten
Cilegon,78,2020,Banten
Tangerang Selatan,103,2020,Banten
Jembrana,19,2020,Bali
Tabanan,30,2020,Bali
Badung,148,2020,Bali
Gianyar,44,2020,Bali
Klungkung,50,2020,Bali
Bangli,12,2020,Bali
Karangasem,38,2020,Bali
Buleleng,23,2020,Bali
Denpasar,107,2020,Bali
Lombok Barat,18,2020,Nusa Tenggara Barat
Lombok Tengah,32,2020,Nusa Tenggara Barat
Lombok Timur,30,2020,Nusa Tenggara Barat
Sumbawa,13,2020,Nusa Tenggara Barat
Dompu,40,2020,Nusa Tenggara Barat
Bima,22,2020,Nusa Tenggara Barat
Sumbawa Barat,100,2020,Nusa Tenggara Barat
Lombok Utara,2,2020,Nusa Tenggara Barat
Mataram,99,2020,Nusa Tenggara Barat
Sumba Barat,7,2020,Nusa Tenggara Timur
Sumba Timur,2,2020,Nusa Tenggara Timur
Kupang,3,2020,Nusa Tenggara Timur
Timor Tengah Selatan,3,2020,Nusa Tenggara Timur
Timor Tengah Utara,12,2020,Nusa Tenggara Timur
Belu,1,2020,Nusa Tenggara Timur
Alor,16,2020,Nusa Tenggara Timur
Lembata,9,2020,Nusa Tenggara Timur
Flores Timur,10,2020,Nusa Tenggara Timur
Sikka,7,2020,Nusa Tenggara Timur
Ende,6,2020,Nusa Tenggara Timur
Ngada,12,2020,Nusa Tenggara Timur
Manggarai,3,2020,Nusa Tenggara Timur
Rote Ndao,9,2020,Nusa Tenggara Timur
Manggarai Barat,52,2020,Nusa Tenggara Timur
Sumba Tengah,,2020,Nusa Tenggara Timur
Sumba Barat Daya,0,2020,Nusa Tenggara Timur
Nagekeo,,2020,Nusa Tenggara Timur
Manggarai Timur,7,2020,Nusa Tenggara Timur
Sabu Raijua,21,2020,Nusa Tenggara Timur
Malaka,2,2020,Nusa Tenggara Timur
Sambas,30,2020,Kalimantan Barat
Bengkayang,28,2020,Kalimantan Barat
Landak,11,2020,Kalimantan Barat
Mempawah,30,2020,Kalimantan Barat
Sanggau,24,2020,Kalimantan Barat
Ketapang,32,2020,Kalimantan Barat
Sintang,10,2020,Kalimantan Barat
Kapuas Hulu,101,2020,Kalimantan Barat
Sekadau,45,2020,Kalimantan Barat
Melawi,20,2020,Kalimantan Barat
Kayong Utara,55,2020,Kalimantan Barat
Kubu Raya,60,2020,Kalimantan Barat
Pontianak,105,2020,Kalimantan Barat
Singkawang,154,2020,Kalimantan Barat
Kotawaringin Barat,29,2020,Kalimantan Tengah
Kotawaringin Timur,51,2020,Kalimantan Tengah
Kapuas,36,2020,Kalimantan Tengah
Barito Selatan,129,2020,Kalimantan Tengah
Barito Utara,76,2020,Kalimantan Tengah
Sukamara,62,2020,Kalimantan Tengah
Lamandau,52,2020,Kalimantan Tengah
Seruyan,92,2020,Kalimantan Tengah
Katingan,58,2020,Kalimantan Tengah
Pulang Pisau,13,2020,Kalimantan Tengah
Gunung Mas,34,2020,Kalimantan Tengah
Barito Timur,85,2020,Kalimantan Tengah
Murung Raya,66,2020,Kalimantan Tengah
Palangka Raya,65,2020,Kalimantan Tengah
Tanah Laut,28,2020,Kalimantan Selatan
Kotabaru,85,2020,Kalimantan Selatan
Barito Kuala,47,2020,Kalimantan Selatan
Tapin,71,2020,Kalimantan Selatan
Hulu Sungai Selatan,40,2020,Kalimantan Selatan
Hulu Sungai Tengah,34,2020,Kalimantan Selatan
Hulu Sungai Utara,24,2020,Kalimantan Selatan
Tabalong,36,2020,Kalimantan Selatan
Tanah Bumbu,34,2020,Kalimantan Selatan
Balangan,18,2020,Kalimantan Selatan
Banjarmasin,103,2020,Kalimantan Selatan
Banjar Baru,282,2020,Kalimantan Selatan
Paser,61,2020,Kalimantan Timur
Kutai Barat,29,2020,Kalimantan Timur
Kutai Kartanegara,69,2020,Kalimantan Timur
Kutai Timur,125,2020,Kalimantan Timur
Berau,293,2020,Kalimantan Timur
Penajam Paser Utara,78,2020,Kalimantan Timur
Mahakam Ulu,33,2020,Kalimantan Timur
Balikpapan,177,2020,Kalimantan Timur
Samarinda,142,2020,Kalimantan Timur
Bontang,179,2020,Kalimantan Timur
Malinau,19,2020,Kalimantan Utara
Bulungan,83,2020,Kalimantan Utara
Tana Tidung,251,2020,Kalimantan Utara
Nunukan,87,2020,Kalimantan Utara
Tarakan,86,2020,Kalimantan Utara
Bolaang Mongondow,8,2020,Sulawesi Utara
Minahasa,22,2020,Sulawesi Utara
Kepulauan Sangihe,12,2020,Sulawesi Utara
Kepulauan Talaud,6,2020,Sulawesi Utara
Minahasa Selatan,5,2020,Sulawesi Utara
Minahasa Utara,50,2020,Sulawesi Utara
Bolaang Mongondow Utara,7,2020,Sulawesi Utara
Siau Tagulandang Biaro,12,2020,Sulawesi Utara
Minahasa Tenggara,10,2020,Sulawesi Utara
Bolaang Mongondow Selatan,1,2020,Sulawesi Utara
Bolaang Mongondow Timur,11,2020,Sulawesi Utara
Manado,106,2020,Sulawesi Utara
Bitung,80,2020,Sulawesi Utara
Tomohon,30,2020,Sulawesi Utara
Kotamobagu,8,2020,Sulawesi Utara
Banggai Kepulauan,7,2020,Sulawesi Tengah
Banggai,24,2020,Sulawesi Tengah
Morowali,53,2020,Sulawesi Tengah
Poso,32,2020,Sulawesi Tengah
Donggala,17,2020,Sulawesi Tengah
Toli-Toli,45,2020,Sulawesi Tengah
Buol,14,2020,Sulawesi Tengah
Parigi Moutong,24,2020,Sulawesi Tengah
Tojo Una-Una,31,2020,Sulawesi Tengah
Sigi,21,2020,Sulawesi Tengah
Banggai Laut,13,2020,Sulawesi Tengah
Morowali Utara,23,2020,Sulawesi Tengah
Palu,88,2020,Sulawesi Tengah
Kepulauan Selayar,114,2020,Sulawesi Selatan
Bulukumba,23,2020,Sulawesi Selatan
Bantaeng,120,2020,Sulawesi Selatan
Jeneponto,45,2020,Sulawesi Selatan
Takalar,85,2020,Sulawesi Selatan
Gowa,123,2020,Sulawesi Selatan
Sinjai,127,2020,Sulawesi Selatan
Maros,151,2020,Sulawesi Selatan
Pangkajene dan Kepulauan,137,2020,Sulawesi Selatan
Barru,26,2020,Sulawesi Selatan
Bone,81,2020,Sulawesi Selatan
Soppeng,53,2020,Sulawesi Selatan
Wajo,110,2020,Sulawesi Selatan
Sidenreng Rappang,72,2020,Sulawesi Selatan
Pinrang,60,2020,Sulawesi Selatan
Enrekang,40,2020,Sulawesi Selatan
Luwu,66,2020,Sulawesi Selatan
Tana Toraja,9,2020,Sulawesi Selatan
Luwu Utara,27,2020,Sulawesi Selatan
Luwu Timur,79,2020,Sulawesi Selatan
Toraja Utara,29,2020,Sulawesi Selatan
Makasar,209,2020,Sulawesi Selatan
Parepare,143,2020,Sulawesi Selatan
Palopo,74,2020,Sulawesi Selatan
Buton,73,2020,Sulawesi Tenggara
Muna,19,2020,Sulawesi Tenggara
Konawe,40,2020,Sulawesi Tenggara
Kolaka,106,2020,Sulawesi Tenggara
Konawe Selatan,33,2020,Sulawesi Tenggara
Bombana,96,2020,Sulawesi Tenggara
Wakatobi,171,2020,Sulawesi Tenggara
Kolaka Utara,57,2020,Sulawesi Tenggara
Buton Utara,63,2020,Sulawesi Tenggara
Konawe Utara,80,2020,Sulawesi Tenggara
Kolaka Timur,63,2020,Sulawesi Tenggara
Konawe Kepulauan,33,2020,Sulawesi Tenggara
Muna Barat,23,2020,Sulawesi Tenggara
Buton Tengah,7,2020,Sulawesi Tenggara
Buton Selatan,69,2020,Sulawesi Tenggara
Kendari,83,2020,Sulawesi Tenggara
Baubau,113,2020,Sulawesi Tenggara
Boalemo,4,2020,Gorontalo
Gorontalo,18,2020,Gorontalo
Pohuwato,6,2020,Gorontalo
Bone Bolango,26,2020,Gorontalo
Gorontalo Utara,7,2020,Gorontalo
Majene,122,2020,Sulawesi Barat
Polewali Mandar,26,2020,Sulawesi Barat
Mamasa,2,2020,Sulawesi Barat
Mamuju,78,2020,Sulawesi Barat
Mamuju Utara,48,2020,Sulawesi Barat
Mamuju Tengah,45,2020,Sulawesi Barat
Maluku Tenggara Barat,55,2020,Maluku
Maluku Tenggara,69,2020,Maluku
Maluku Tengah,53,2020,Maluku
Buru,62,2020,Maluku
Kepulauan Aru,62,2020,Maluku
Seram Bagian Barat,29,2020,Maluku
Seram Bagian Timur,35,2020,Maluku
Maluku Barat Daya,41,2020,Maluku
Buru Selatan,45,2020,Maluku
Ambon,51,2020,Maluku
Tual,27,2020,Maluku
Halmahera Barat,20,2020,Maluku Utara
Halmahera Tengah,68,2020,Maluku Utara
Kepulauan Sula,8,2020,Maluku Utara
Halmahera Selatan,66,2020,Maluku Utara
Halmahera Utara,17,2020,Maluku Utara
Halmahera Timur,19,2020,Maluku Utara
Pulau Morotai,15,2020,Maluku Utara
Pulau Taliabu,28,2020,Maluku Utara
Ternate,24,2020,Maluku Utara
Tidore Kepulauan,30,2020,Maluku Utara
Fakfak,100,2020,Papua Barat
Kaimana,164,2020,Papua Barat
Teluk Wondama,117,2020,Papua Barat
Teluk Bintuni,93,2020,Papua Barat
Manokwari,38,2020,Papua Barat
Sorong Selatan,58,2020,Papua Barat
Sorong,42,2020,Papua Barat
Raja Ampat,139,2020,Papua Barat
Tambrauw,6,2020,Papua Barat
Maybrat,126,2020,Papua Barat
Manokwari Selatan,29,2020,Papua Barat
Pegunungan Arfak,45,2020,Papua Barat
Merauke,79,2020,Papua
Jayawijaya,16,2020,Papua
Jayapura,24,2020,Papua
Nabire,165,2020,Papua
Kepulauan Yapen,114,2020,Papua
Biak Numfor,73,2020,Papua
Paniai,,2020,Papua
Puncak Jaya,23,2020,Papua
Mimika,87,2020,Papua
Boven Digoel,190,2020,Papua
Mappi,5,2020,Papua
Asmat,70,2020,Papua
Yahukimo,6,2020,Papua
Pegunungan Bintang,104,2020,Papua
Tolikara,101,2020,Papua
Sarmi,54,2020,Papua
Keerom,9,2020,Papua
Waropen,80,2020,Papua
Supiori,70,2020,Papua
Mamberamo Raya,32,2020,Papua
Nduga,4,2020,Papua
Lanny Jaya,3,2020,Papua
Mamberamo Tengah,5,2020,Papua
Yalimo,115,2020,Papua
Puncak,,2020,Jawa Barat
Dogiyai,11,2020,Papua
Intan Jaya,,2020,Papua
Deiyai,130,2020,Papua
Simeulue,24,2021,Aceh
Aceh Singkil,5,2021,Aceh
Aceh Selatan,4,2021,Aceh
Aceh Tenggara,6,2021,Aceh
Aceh Timur,4,2021,Aceh
Aceh Tengah,40,2021,Aceh
Aceh Barat,58,2021,Aceh
Aceh Besar,19,2021,Aceh
Pidie,7,2021,Aceh
Bireuen,8,2021,Aceh
Aceh Utara,10,2021,Aceh
Aceh Barat Daya,0,2021,Aceh
Gayo Lues,38,2021,Aceh
Aceh Tamiang,1,2021,Aceh
Nagan Raya,31,2021,Aceh
Aceh Jaya,12,2021,Aceh
Bener Meriah,21,2021,Aceh
Pidie Jaya,22,2021,Aceh
Banda Aceh,138,2021,Aceh
Sabang,98,2021,Aceh
Langsa,82,2021,Aceh
Lhokseumawe,82,2021,Aceh
Subulussalam,4,2021,Aceh
Nias,7,2021,Sumatera Utara
Mandailing Natal,3,2021,Sumatera Utara
Tapanuli Selatan,0,2021,Sumatera Utara
Tapanuli Tengah,10,2021,Sumatera Utara
Tapanuli Utara,7,2021,Sumatera Utara
Toba Samosir,28,2021,Sumatera Utara
Labuhan Batu,6,2021,Sumatera Utara
Asahan,28,2021,Sumatera Utara
Simalungun,15,2021,Sumatera Utara
Dairi,11,2021,Sumatera Utara
Karo,22,2021,Sumatera Utara
Deli Serdang,33,2021,Sumatera Utara
Langkat,16,2021,Sumatera Utara
Nias Selatan,7,2021,Sumatera Utara
Humbang Hasundutan,8,2021,Sumatera Utara
Pakpak Bharat,4,2021,Sumatera Utara
Samosir,6,2021,Sumatera Utara
Serdang Bedagai,28,2021,Sumatera Utara
Batu Bara,12,2021,Sumatera Utara
Padang Lawas Utara,1,2021,Sumatera Utara
Padang Lawas,1,2021,Sumatera Utara
Labuhan Batu Selatan,8,2021,Sumatera Utara
Labuhan Batu Utara,54,2021,Sumatera Utara
Nias Utara,9,2021,Sumatera Utara
Nias Barat,23,2021,Sumatera Utara
Sibolga,10,2021,Sumatera Utara
Tanjung Balai,41,2021,Sumatera Utara
Pematang Siantar,7,2021,Sumatera Utara
Tebing Tinggi,61,2021,Sumatera Utara
Medan,137,2021,Sumatera Utara
Binjai,83,2021,Sumatera Utara
Padangsidimpuan,12,2021,Sumatera Utara
Gunungsitoli,6,2021,Sumatera Utara
Kepulauan Mentawai,59,2021,Sumatera Barat
Pesisir Selatan,40,2021,Sumatera Barat
Solok,0,2021,Sumatera Barat
Sijunjung,10,2021,Sumatera Barat
Tanah Datar,24,2021,Sumatera Barat
Padang Pariaman,44,2021,Sumatera Barat
Agam,40,2021,Sumatera Barat
Lima Puluh Kota,19,2021,Sumatera Barat
Pasaman,4,2021,Sumatera Barat
Solok Selatan,23,2021,Sumatera Barat
Dharmasraya,32,2021,Sumatera Barat
Pasaman Barat,16,2021,Sumatera Barat
Padang,160,2021,Sumatera Barat
Sawah Lunto,107,2021,Sumatera Barat
Padang Panjang,149,2021,Sumatera Barat
Bukittinggi,150,2021,Sumatera Barat
Payakumbuh,171,2021,Sumatera Barat
Pariaman,96,2021,Sumatera Barat
Kuantan Singingi,84,2021,Riau
Indragiri Hulu,10,2021,Riau
Indragiri Hilir,108,2021,Riau
Pelalawan,45,2021,Riau
Siak,72,2021,Riau
Kampar,89,2021,Riau
Rokan Hulu,38,2021,Riau
Bengkalis,76,2021,Riau
Rokan Hilir,41,2021,Riau
Kepulauan Meranti,44,2021,Riau
Pekanbaru,124,2021,Riau
Dumai,131,2021,Riau
Kerinci,,2021,Jambi
Merangin,32,2021,Jambi
Sarolangun,30,2021,Jambi
Batang Hari,28,2021,Jambi
Muaro Jambi,19,2021,Jambi
Tanjung Jabung Timur,92,2021,Jambi
Tanjung Jabung Barat,19,2021,Jambi
Tebo,22,2021,Jambi
Bungo,19,2021,Jambi
Jambi,313,2021,Jambi
Sungai Penuh,29,2021,Jambi
Ogan Komering Ulu,20,2021,Sumatera Selatan
Ogan Komering Ilir,53,2021,Sumatera Selatan
Muara Enim,98,2021,Sumatera Selatan
Lahat,30,2021,Sumatera Selatan
Musi Rawas,45,2021,Sumatera Selatan
Musi Banyuasin,139,2021,Sumatera Selatan
Banyu Asin,120,2021,Sumatera Selatan
Ogan Komering Ulu Selatan,11,2021,Sumatera Selatan
Ogan Komering Ulu Timur,34,2021,Sumatera Selatan
Ogan Ilir,33,2021,Sumatera Selatan
Empat Lawang,24,2021,Sumatera Selatan
Penukal Abab Lematang Ilir,67,2021,Sumatera Selatan
Musi Rawas Utara,58,2021,Sumatera Selatan
Palembang,325,2021,Sumatera Selatan
Prabumulih,54,2021,Sumatera Selatan
Pagar Alam,56,2021,Sumatera Selatan
Lubuklinggau,83,2021,Sumatera Selatan
Bengkulu Selatan,25,2021,Bengkulu
Rejang Lebong,12,2021,Bengkulu
Bengkulu Utara,42,2021,Bengkulu
Kaur,10,2021,Bengkulu
Seluma,7,2021,Bengkulu
Mukomuko,22,2021,Bengkulu
Lebong,9,2021,Bengkulu
Kepahiang,5,2021,Bengkulu
Bengkulu Tengah,24,2021,Bengkulu
Bengkulu,109,2021,Bengkulu
Lampung Barat,36,2021,Lampung
Tanggamus,9,2021,Lampung
Lampung Selatan,57,2021,Lampung
Lampung Timur,8,2021,Lampung
Lampung Tengah,4,2021,Lampung
Lampung Utara,11,2021,Lampung
Way Kanan,15,2021,Lampung
Tulangbawang,7,2021,Lampung
Pesawaran,10,2021,Lampung
Pringsewu,27,2021,Lampung
Mesuji,26,2021,Lampung
Tulang Bawang Barat,7,2021,Lampung
Pesisir Barat,18,2021,Lampung
Bandar Lampung,121,2021,Lampung
Metro,54,2021,Lampung
Bangka,208,2021,Kepulauan Bangka Belitung
Belitung,128,2021,Kepulauan Bangka Belitung
Bangka Barat,113,2021,Kepulauan Bangka Belitung
Bangka Tengah,117,2021,Kepulauan Bangka Belitung
Bangka Selatan,24,2021,Kepulauan Bangka Belitung
Belitung Timur,80,2021,Kepulauan Bangka Belitung
Pangkal Pinang,192,2021,Kepulauan Bangka Belitung
Karimun,126,2021,Kepulauan Riau
Bintan,226,2021,Kepulauan Riau
Natuna,421,2021,Kepulauan Riau
Lingga,194,2021,Kepulauan Riau
Kepulauan Anambas,284,2021,Kepulauan Riau
Batam,298,2021,Kepulauan Riau
Tanjung Pinang,410,2021,Kepulauan Riau
Kep. Seribu,98,2021,DKI Jakarta
Jakarta Selatan,411,2021,D.K.I. Jakarta
Jakarta Timur,283,2021,D.K.I. Jakarta
Jakarta Pusat,201,2021,D.K.I. Jakarta
Jakarta Barat,233,2021,D.K.I. Jakarta
Jakarta Utara,205,2021,D.K.I. Jakarta
Bogor,128,2021,Jawa Barat
Sukabumi,25,2021,Jawa Barat
Cianjur,75,2021,Jawa Barat
Bandung,110,2021,Jawa Barat
Garut,62,2021,Jawa Barat
Tasikmalaya,24,2021,Jawa Barat
Ciamis,29,2021,Jawa Barat
Kuningan,66,2021,Jawa Barat
Cirebon,85,2021,Jawa Barat
Majalengka,40,2021,Jawa Barat
Sumedang,84,2021,Jawa Barat
Indramayu,141,2021,Jawa Barat
Subang,83,2021,Jawa Barat
Purwakarta,93,2021,Jawa Barat
Karawang,149,2021,Jawa Barat
Bekasi,159,2021,Jawa Barat
Bandung Barat,62,2021,Jawa Barat
Pangandaran,39,2021,Jawa Barat
Depok,300,2021,Jawa Barat
Cimahi,286,2021,Jawa Barat
Banjar,32,2021,Jawa Barat
Cilacap,45,2021,Jawa Tengah
Banyumas,38,2021,Jawa Tengah
Purbalingga,18,2021,Jawa Tengah
Banjarnegara,31,2021,Jawa Tengah
Kebumen,25,2021,Jawa Tengah
Purworejo,41,2021,Jawa Tengah
Wonosobo,29,2021,Jawa Tengah
Magelang,19,2021,Jawa Tengah
Boyolali,17,2021,Jawa Tengah
Klaten,55,2021,Jawa Tengah
Sukoharjo,58,2021,Jawa Tengah
Wonogiri,10,2021,Jawa Tengah
Karanganyar,48,2021,Jawa Tengah
Sragen,23,2021,Jawa Tengah
Grobogan,9,2021,Jawa Tengah
Blora,19,2021,Jawa Tengah
Rembang,33,2021,Jawa Tengah
Pati,12,2021,Jawa Tengah
Kudus,9,2021,Jawa Tengah
Jepara,11,2021,Jawa Tengah
Demak,25,2021,Jawa Tengah
Semarang,17,2021,Jawa Tengah
Temanggung,27,2021,Jawa Tengah
Kendal,45,2021,Jawa Tengah
Batang,8,2021,Jawa Tengah
Pekalongan,44,2021,Jawa Tengah
Pemalang,50,2021,Jawa Tengah
Tegal,101,2021,Jawa Tengah
Brebes,51,2021,Jawa Tengah
Surakarta,116,2021,Jawa Tengah
Salatiga,75,2021,Jawa Tengah
Kulon Progo,23,2021,D.I. Yogyakarta
Bantul,87,2021,D.I. Yogyakarta
Gunung Kidul,18,2021,D.I. Yogyakarta
Sleman,125,2021,D.I. Yogyakarta
Yogyakarta,171,2021,D.I. Yogyakarta
Pacitan,3,2021,Jawa Timur
Ponorogo,54,2021,Jawa Timur
Trenggalek,17,2021,Jawa Timur
Tulungagung,40,2021,Jawa Timur
Blitar,71,2021,Jawa Timur
Kediri,67,2021,Jawa Timur
Malang,24,2021,Jawa Timur
Lumajang,25,2021,Jawa Timur
Jember,23,2021,Jawa Timur
Banyuwangi,35,2021,Jawa Timur
Bondowoso,16,2021,Jawa Timur
Situbondo,25,2021,Jawa Timur
Probolinggo,5,2021,Jawa Timur
Pasuruan,45,2021,Jawa Timur
Sidoarjo,176,2021,Jawa Timur
Mojokerto,21,2021,Jawa Timur
Jombang,41,2021,Jawa Timur
Nganjuk,85,2021,Jawa Timur
Madiun,70,2021,Jawa Timur
Magetan,39,2021,Jawa Timur
Ngawi,36,2021,Jawa Timur
Bojonegoro,7,2021,Jawa Timur
Tuban,8,2021,Jawa Timur
Lamongan,35,2021,Jawa Timur
Gresik,65,2021,Jawa Timur
Bangkalan,22,2021,Jawa Timur
Sampang,29,2021,Jawa Timur
Pamekasan,33,2021,Jawa Timur
Sumenep,43,2021,Jawa Timur
Surabaya,194,2021,Jawa Timur
Batu,78,2021,Jawa Timur
Pandeglang,37,2021,Banten
Lebak,39,2021,Banten
Tangerang,85,2021,Banten
Serang,44,2021,Banten
Cilegon,221,2021,Banten
Tangerang Selatan,196,2021,Banten
Jembrana,53,2021,Bali
Tabanan,69,2021,Bali
Badung,169,2021,Bali
Gianyar,50,2021,Bali
Klungkung,18,2021,Bali
Bangli,63,2021,Bali
Karangasem,14,2021,Bali
Buleleng,17,2021,Bali
Denpasar,143,2021,Bali
Lombok Barat,25,2021,Nusa Tenggara Barat
Lombok Tengah,18,2021,Nusa Tenggara Barat
Lombok Timur,39,2021,Nusa Tenggara Barat
Sumbawa,32,2021,Nusa Tenggara Barat
Dompu,67,2021,Nusa Tenggara Barat
Bima,42,2021,Nusa Tenggara Barat
Sumbawa Barat,108,2021,Nusa Tenggara Barat
Lombok Utara,3,2021,Nusa Tenggara Barat
Mataram,106,2021,Nusa Tenggara Barat
Sumba Barat,6,2021,Nusa Tenggara Timur
Sumba Timur,2,2021,Nusa Tenggara Timur
Kupang,5,2021,Nusa Tenggara Timur
Timor Tengah Selatan,10,2021,Nusa Tenggara Timur
Timor Tengah Utara,,2021,Nusa Tenggara Timur
Belu,13,2021,Nusa Tenggara Timur
Alor,31,2021,Nusa Tenggara Timur
Lembata,16,2021,Nusa Tenggara Timur
Flores Timur,21,2021,Nusa Tenggara Timur
Sikka,3,2021,Nusa Tenggara Timur
Ende,29,2021,Nusa Tenggara Timur
Ngada,11,2021,Nusa Tenggara Timur
Manggarai,18,2021,Nusa Tenggara Timur
Rote Ndao,,2021,Nusa Tenggara Timur
Manggarai Barat,32,2021,Nusa Tenggara Timur
Sumba Tengah,7,2021,Nusa Tenggara Timur
Sumba Barat Daya,0,2021,Nusa Tenggara Timur
Nagekeo,7,2021,Nusa Tenggara Timur
Manggarai Timur,1,2021,Nusa Tenggara Timur
Sabu Raijua,11,2021,Nusa Tenggara Timur
Malaka,2,2021,Nusa Tenggara Timur
Sambas,32,2021,Kalimantan Barat
Bengkayang,23,2021,Kalimantan Barat
Landak,29,2021,Kalimantan Barat
Mempawah,82,2021,Kalimantan Barat
Sanggau,42,2021,Kalimantan Barat
Ketapang,35,2021,Kalimantan Barat
Sintang,51,2021,Kalimantan Barat
Kapuas Hulu,81,2021,Kalimantan Barat
Sekadau,77,2021,Kalimantan Barat
Melawi,13,2021,Kalimantan Barat
Kayong Utara,28,2021,Kalimantan Barat
Kubu Raya,50,2021,Kalimantan Barat
Pontianak,223,2021,Kalimantan Barat
Singkawang,184,2021,Kalimantan Barat
Kotawaringin Barat,63,2021,Kalimantan Tengah
Kotawaringin Timur,60,2021,Kalimantan Tengah
Kapuas,65,2021,Kalimantan Tengah
Barito Selatan,134,2021,Kalimantan Tengah
Barito Utara,76,2021,Kalimantan Tengah
Sukamara,100,2021,Kalimantan Tengah
Lamandau,28,2021,Kalimantan Tengah
Seruyan,75,2021,Kalimantan Tengah
Katingan,49,2021,Kalimantan Tengah
Pulang Pisau,52,2021,Kalimantan Tengah
Gunung Mas,40,2021,Kalimantan Tengah
Barito Timur,78,2021,Kalimantan Tengah
Murung Raya,216,2021,Kalimantan Tengah
Palangka Raya,86,2021,Kalimantan Tengah
Tanah Laut,48,2021,Kalimantan Selatan
Kotabaru,154,2021,Kalimantan Selatan
Barito Kuala,66,2021,Kalimantan Selatan
Tapin,71,2021,Kalimantan Selatan
Hulu Sungai Selatan,61,2021,Kalimantan Selatan
Hulu Sungai Tengah,51,2021,Kalimantan Selatan
Hulu Sungai Utara,54,2021,Kalimantan Selatan
Tabalong,58,2021,Kalimantan Selatan
Tanah Bumbu,21,2021,Kalimantan Selatan
Balangan,39,2021,Kalimantan Selatan
Banjarmasin,180,2021,Kalimantan Selatan
Banjar Baru,199,2021,Kalimantan Selatan
Paser,68,2021,Kalimantan Timur
Kutai Barat,93,2021,Kalimantan Timur
Kutai Kartanegara,98,2021,Kalimantan Timur
Kutai Timur,89,2021,Kalimantan Timur
Berau,276,2021,Kalimantan Timur
Penajam Paser Utara,57,2021,Kalimantan Timur
Mahakam Ulu,45,2021,Kalimantan Timur
Balikpapan,172,2021,Kalimantan Timur
Samarinda,160,2021,Kalimantan Timur
Bontang,151,2021,Kalimantan Timur
Malinau,35,2021,Kalimantan Utara
Bulungan,127,2021,Kalimantan Utara
Tana Tidung,84,2021,Kalimantan Utara
Nunukan,71,2021,Kalimantan Utara
Tarakan,160,2021,Kalimantan Utara
Bolaang Mongondow,5,2021,Sulawesi Utara
Minahasa,46,2021,Sulawesi Utara
Kepulauan Sangihe,33,2021,Sulawesi Utara
Kepulauan Talaud,8,2021,Sulawesi Utara
Minahasa Selatan,9,2021,Sulawesi Utara
Minahasa Utara,59,2021,Sulawesi Utara
Bolaang Mongondow Utara,32,2021,Sulawesi Utara
Siau Tagulandang Biaro,6,2021,Sulawesi Utara
Minahasa Tenggara,16,2021,Sulawesi Utara
Bolaang Mongondow Selatan,2,2021,Sulawesi Utara
Bolaang Mongondow Timur,21,2021,Sulawesi Utara
Manado,164,2021,Sulawesi Utara
Bitung,79,2021,Sulawesi Utara
Tomohon,48,2021,Sulawesi Utara
Kotamobagu,24,2021,Sulawesi Utara
Banggai Kepulauan,10,2021,Sulawesi Tengah
Banggai,11,2021,Sulawesi Tengah
Morowali,187,2021,Sulawesi Tengah
Poso,20,2021,Sulawesi Tengah
Donggala,31,2021,Sulawesi Tengah
Toli-Toli,24,2021,Sulawesi Tengah
Buol,11,2021,Sulawesi Tengah
Parigi Moutong,22,2021,Sulawesi Tengah
Tojo Una-Una,32,2021,Sulawesi Tengah
Sigi,13,2021,Sulawesi Tengah
Banggai Laut,53,2021,Sulawesi Tengah
Morowali Utara,90,2021,Sulawesi Tengah
Palu,65,2021,Sulawesi Tengah
Kepulauan Selayar,236,2021,Sulawesi Selatan
Bulukumba,23,2021,Sulawesi Selatan
Bantaeng,123,2021,Sulawesi Selatan
Jeneponto,70,2021,Sulawesi Selatan
Takalar,121,2021,Sulawesi Selatan
Gowa,82,2021,Sulawesi Selatan
Sinjai,161,2021,Sulawesi Selatan
Maros,134,2021,Sulawesi Selatan
Pangkajene dan Kepulauan,206,2021,Sulawesi Selatan
Barru,62,2021,Sulawesi Selatan
Bone,120,2021,Sulawesi Selatan
Soppeng,133,2021,Sulawesi Selatan
Wajo,105,2021,Sulawesi Selatan
Sidenreng Rappang,86,2021,Sulawesi Selatan
Pinrang,44,2021,Sulawesi Selatan
Enrekang,31,2021,Sulawesi Selatan
Luwu,42,2021,Sulawesi Selatan
Tana Toraja,28,2021,Sulawesi Selatan
Luwu Utara,28,2021,Sulawesi Selatan
Luwu Timur,45,2021,Sulawesi Selatan
Toraja Utara,13,2021,Sulawesi Selatan
Makasar,282,2021,Sulawesi Selatan
Parepare,260,2021,Sulawesi Selatan
Palopo,104,2021,Sulawesi Selatan
Buton,47,2021,Sulawesi Tenggara
Muna,32,2021,Sulawesi Tenggara
Konawe,29,2021,Sulawesi Tenggara
Kolaka,77,2021,Sulawesi Tenggara
Konawe Selatan,15,2021,Sulawesi Tenggara
Bombana,129,2021,Sulawesi Tenggara
Wakatobi,159,2021,Sulawesi Tenggara
Kolaka Utara,148,2021,Sulawesi Tenggara
Buton Utara,89,2021,Sulawesi Tenggara
Konawe Utara,105,2021,Sulawesi Tenggara
Kolaka Timur,23,2021,Sulawesi Tenggara
Konawe Kepulauan,69,2021,Sulawesi Tenggara
Muna Barat,34,2021,Sulawesi Tenggara
Buton Tengah,57,2021,Sulawesi Tenggara
Buton Selatan,16,2021,Sulawesi Tenggara
Kendari,90,2021,Sulawesi Tenggara
Baubau,170,2021,Sulawesi Tenggara
Boalemo,4,2021,Gorontalo
Gorontalo,29,2021,Gorontalo
Pohuwato,4,2021,Gorontalo
Bone Bolango,23,2021,Gorontalo
Gorontalo Utara,2,2021,Gorontalo
Majene,113,2021,Sulawesi Barat
Polewali Mandar,53,2021,Sulawesi Barat
Mamasa,17,2021,Sulawesi Barat
Mamuju,63,2021,Sulawesi Barat
Mamuju Utara,68,2021,Sulawesi Barat
Mamuju Tengah,55,2021,Sulawesi Barat
Maluku Tenggara Barat,58,2021,Maluku
Maluku Tenggara,56,2021,Maluku
Maluku Tengah,66,2021,Maluku
Buru,52,2021,Maluku
Kepulauan Aru,129,2021,Maluku
Seram Bagian Barat,30,2021,Maluku
Seram Bagian Timur,42,2021,Maluku
Maluku Barat Daya,45,2021,Maluku
Buru Selatan,32,2021,Maluku
Ambon,103,2021,Maluku
Tual,38,2021,Maluku
Halmahera Barat,40,2021,Maluku Utara
Halmahera Tengah,45,2021,Maluku Utara
Kepulauan Sula,9,2021,Maluku Utara
Halmahera Selatan,75,2021,Maluku Utara
Halmahera Utara,19,2021,Maluku Utara
Halmahera Timur,20,2021,Maluku Utara
Pulau Morotai,87,2021,Maluku Utara
Pulau Taliabu,43,2021,Maluku Utara
Ternate,71,2021,Maluku Utara
Tidore Kepulauan,85,2021,Maluku Utara
Fakfak,187,2021,Papua Barat
Kaimana,133,2021,Papua Barat
Teluk Wondama,91,2021,Papua Barat
Teluk Bintuni,69,2021,Papua Barat
Manokwari,67,2021,Papua Barat
Sorong Selatan,5,2021,Papua Barat
Sorong,38,2021,Papua Barat
Raja Ampat,283,2021,Papua Barat
Tambrauw,52,2021,Papua Barat
Maybrat,24,2021,Papua Barat
Manokwari Selatan,49,2021,Papua Barat
Pegunungan Arfak,11,2021,Papua Barat
Merauke,90,2021,Papua
Jayawijaya,161,2021,Papua
Jayapura,114,2021,Papua
Nabire,139,2021,Papua
Kepulauan Yapen,116,2021,Papua
Biak Numfor,65,2021,Papua
Paniai,,2021,Papua
Puncak Jaya,33,2021,Papua
Mimika,129,2021,Papua
Boven Digoel,21,2021,Papua
Mappi,93,2021,Papua
Asmat,48,2021,Papua
Yahukimo,1,2021,Papua
Pegunungan Bintang,34,2021,Papua
Tolikara,,2021,Papua
Sarmi,383,2021,Papua
Keerom,64,2021,Papua
Waropen,9,2021,Papua
Supiori,27,2021,Papua
Mamberamo Raya,50,2021,Papua
Nduga,53,2021,Papua
Lanny Jaya,,2021,Papua
Mamberamo Tengah,3,2021,Papua
Yalimo,5,2021,Papua
Puncak,,2021,Jawa Barat
Dogiyai,3,2021,Papua
Intan Jaya,,2021,Papua
Deiyai,,2021,Papua
Simeulue,10,2022,Aceh
Aceh Singkil,8,2022,Aceh
Aceh Selatan,1,2022,Aceh
Aceh Tenggara,20,2022,Aceh
Aceh Timur,4,2022,Aceh
Aceh Tengah,5,2022,Aceh
Aceh Barat,38,2022,Aceh
Aceh Besar,66,2022,Aceh
Pidie,16,2022,Aceh
Bireuen,3,2022,Aceh
Aceh Utara,19,2022,Aceh
Aceh Barat Daya,6,2022,Aceh
Gayo Lues,15,2022,Aceh
Aceh Tamiang,19,2022,Aceh
Nagan Raya,25,2022,Aceh
Aceh Jaya,19,2022,Aceh
Bener Meriah,22,2022,Aceh
Pidie Jaya,7,2022,Aceh
Banda Aceh,156,2022,Aceh
Sabang,130,2022,Aceh
Langsa,82,2022,Aceh
Lhokseumawe,49,2022,Aceh
Subulussalam,12,2022,Aceh
Nias,1,2022,Sumatera Utara
Mandailing Natal,2,2022,Sumatera Utara
Tapanuli Selatan,4,2022,Sumatera Utara
Tapanuli Tengah,0,2022,Sumatera Utara
Tapanuli Utara,23,2022,Sumatera Utara
Toba Samosir,22,2022,Sumatera Utara
Labuhan Batu,6,2022,Sumatera Utara
Asahan,27,2022,Sumatera Utara
Simalungun,1,2022,Sumatera Utara
Dairi,12,2022,Sumatera Utara
Karo,27,2022,Sumatera Utara
Deli Serdang,78,2022,Sumatera Utara
Langkat,20,2022,Sumatera Utara
Nias Selatan,7,2022,Sumatera Utara
Humbang Hasundutan,4,2022,Sumatera Utara
Pakpak Bharat,10,2022,Sumatera Utara
Samosir,43,2022,Sumatera Utara
Serdang Bedagai,37,2022,Sumatera Utara
Batu Bara,12,2022,Sumatera Utara
Padang Lawas Utara,10,2022,Sumatera Utara
Padang Lawas,1,2022,Sumatera Utara
Labuhan Batu Selatan,8,2022,Sumatera Utara
Labuhan Batu Utara,13,2022,Sumatera Utara
Nias Utara,3,2022,Sumatera Utara
Nias Barat,1,2022,Sumatera Utara
Sibolga,8,2022,Sumatera Utara
Tanjung Balai,9,2022,Sumatera Utara
Pematang Siantar,12,2022,Sumatera Utara
Tebing Tinggi,47,2022,Sumatera Utara
Medan,121,2022,Sumatera Utara
Binjai,44,2022,Sumatera Utara
Padangsidimpuan,3,2022,Sumatera Utara
Gunungsitoli,1,2022,Sumatera Utara
Kepulauan Mentawai,13,2022,Sumatera Barat
Pesisir Selatan,34,2022,Sumatera Barat
Solok,10,2022,Sumatera Barat
Sijunjung,16,2022,Sumatera Barat
Tanah Datar,20,2022,Sumatera Barat
Padang Pariaman,33,2022,Sumatera Barat
Agam,34,2022,Sumatera Barat
Lima Puluh Kota,22,2022,Sumatera Barat
Pasaman,14,2022,Sumatera Barat
Solok Selatan,5,2022,Sumatera Barat
Dharmasraya,35,2022,Sumatera Barat
Pasaman Barat,25,2022,Sumatera Barat
Padang,233,2022,Sumatera Barat
Sawah Lunto,89,2022,Sumatera Barat
Padang Panjang,192,2022,Sumatera Barat
Bukittinggi,151,2022,Sumatera Barat
Payakumbuh,133,2022,Sumatera Barat
Pariaman,88,2022,Sumatera Barat
Kuantan Singingi,27,2022,Riau
Indragiri Hulu,25,2022,Riau
Indragiri Hilir,65,2022,Riau
Pelalawan,26,2022,Riau
Siak,79,2022,Riau
Kampar,104,2022,Riau
Rokan Hulu,32,2022,Riau
Bengkalis,134,2022,Riau
Rokan Hilir,69,2022,Riau
Kepulauan Meranti,50,2022,Riau
Pekanbaru,231,2022,Riau
Dumai,89,2022,Riau
Kerinci,15,2022,Jambi
Merangin,23,2022,Jambi
Sarolangun,19,2022,Jambi
Batang Hari,30,2022,Jambi
Muaro Jambi,28,2022,Jambi
Tanjung Jabung Timur,42,2022,Jambi
Tanjung Jabung Barat,60,2022,Jambi
Tebo,76,2022,Jambi
Bungo,40,2022,Jambi
Jambi,334,2022,Jambi
Sungai Penuh,35,2022,Jambi
Ogan Komering Ulu,26,2022,Sumatera Selatan
Ogan Komering Ilir,89,2022,Sumatera Selatan
Muara Enim,54,2022,Sumatera Selatan
Lahat,41,2022,Sumatera Selatan
Musi Rawas,15,2022,Sumatera Selatan
Musi Banyuasin,63,2022,Sumatera Selatan
Banyu Asin,99,2022,Sumatera Selatan
Ogan Komering Ulu Selatan,2,2022,Sumatera Selatan
Ogan Komering Ulu Timur,41,2022,Sumatera Selatan
Ogan Ilir,73,2022,Sumatera Selatan
Empat Lawang,28,2022,Sumatera Selatan
Penukal Abab Lematang Ilir,64,2022,Sumatera Selatan
Musi Rawas Utara,102,2022,Sumatera Selatan
Palembang,252,2022,Sumatera Selatan
Prabumulih,74,2022,Sumatera Selatan
Pagar Alam,45,2022,Sumatera Selatan
Lubuklinggau,177,2022,Sumatera Selatan
Bengkulu Selatan,21,2022,Bengkulu
Rejang Lebong,31,2022,Bengkulu
Bengkulu Utara,31,2022,Bengkulu
Kaur,23,2022,Bengkulu
Seluma,5,2022,Bengkulu
Mukomuko,17,2022,Bengkulu
Lebong,3,2022,Bengkulu
Kepahiang,16,2022,Bengkulu
Bengkulu Tengah,,2022,Bengkulu
Bengkulu,92,2022,Bengkulu
Lampung Barat,59,2022,Lampung
Tanggamus,15,2022,Lampung
Lampung Selatan,25,2022,Lampung
Lampung Timur,15,2022,Lampung
Lampung Tengah,14,2022,Lampung
Lampung Utara,15,2022,Lampung
Way Kanan,15,2022,Lampung
Tulangbawang,18,2022,Lampung
Pesawaran,34,2022,Lampung
Pringsewu,23,2022,Lampung
Mesuji,25,2022,Lampung
Tulang Bawang Barat,17,2022,Lampung
Pesisir Barat,22,2022,Lampung
Bandar Lampung,178,2022,Lampung
Metro,13,2022,Lampung
Bangka,171,2022,Kepulauan Bangka Belitung
Belitung,169,2022,Kepulauan Bangka Belitung
Bangka Barat,48,2022,Kepulauan Bangka Belitung
Bangka Tengah,79,2022,Kepulauan Bangka Belitung
Bangka Selatan,17,2022,Kepulauan Bangka Belitung
Belitung Timur,148,2022,Kepulauan Bangka Belitung
Pangkal Pinang,312,2022,Kepulauan Bangka Belitung
Karimun,202,2022,Kepulauan Riau
Bintan,226,2022,Kepulauan Riau
Natuna,285,2022,Kepulauan Riau
Lingga,85,2022,Kepulauan Riau
Kepulauan Anambas,394,2022,Kepulauan Riau
Batam,393,2022,Kepulauan Riau
Tanjung Pinang,210,2022,Kepulauan Riau
Kep. Seribu,66,2022,DKI Jakarta
Jakarta Selatan,448,2022,D.K.I. Jakarta
Jakarta Timur,277,2022,D.K.I. Jakarta
Jakarta Pusat,259,2022,D.K.I. Jakarta
Jakarta Barat,216,2022,D.K.I. Jakarta
Jakarta Utara,168,2022,D.K.I. Jakarta
Bogor,145,2022,Jawa Barat
Sukabumi,37,2022,Jawa Barat
Cianjur,51,2022,Jawa Barat
Bandung,122,2022,Jawa Barat
Garut,31,2022,Jawa Barat
Tasikmalaya,33,2022,Jawa Barat
Ciamis,50,2022,Jawa Barat
Kuningan,96,2022,Jawa Barat
Cirebon,142,2022,Jawa Barat
Majalengka,32,2022,Jawa Barat
Sumedang,66,2022,Jawa Barat
Indramayu,61,2022,Jawa Barat
Subang,81,2022,Jawa Barat
Purwakarta,85,2022,Jawa Barat
Karawang,59,2022,Jawa Barat
Bekasi,157,2022,Jawa Barat
Bandung Barat,65,2022,Jawa Barat
Pangandaran,67,2022,Jawa Barat
Depok,359,2022,Jawa Barat
Cimahi,259,2022,Jawa Barat
Banjar,21,2022,Jawa Barat
Cilacap,20,2022,Jawa Tengah
Banyumas,29,2022,Jawa Tengah
Purbalingga,25,2022,Jawa Tengah
Banjarnegara,4,2022,Jawa Tengah
Kebumen,32,2022,Jawa Tengah
Purworejo,39,2022,Jawa Tengah
Wonosobo,21,2022,Jawa Tengah
Magelang,17,2022,Jawa Tengah
Boyolali,35,2022,Jawa Tengah
Klaten,61,2022,Jawa Tengah
Sukoharjo,61,2022,Jawa Tengah
Wonogiri,27,2022,Jawa Tengah
Karanganyar,52,2022,Jawa Tengah
Sragen,39,2022,Jawa Tengah
Grobogan,27,2022,Jawa Tengah
Blora,25,2022,Jawa Tengah
Rembang,21,2022,Jawa Tengah
Pati,36,2022,Jawa Tengah
Kudus,29,2022,Jawa Tengah
Jepara,20,2022,Jawa Tengah
Demak,13,2022,Jawa Tengah
Semarang,38,2022,Jawa Tengah
Temanggung,15,2022,Jawa Tengah
Kendal,79,2022,Jawa Tengah
Batang,22,2022,Jawa Tengah
Pekalongan,20,2022,Jawa Tengah
Pemalang,66,2022,Jawa Tengah
Tegal,67,2022,Jawa Tengah
Brebes,11,2022,Jawa Tengah
Surakarta,85,2022,Jawa Tengah
Salatiga,87,2022,Jawa Tengah
Kulon Progo,74,2022,D.I. Yogyakarta
Bantul,71,2022,D.I. Yogyakarta
Gunung Kidul,2,2022,D.I. Yogyakarta
Sleman,164,2022,D.I. Yogyakarta
Yogyakarta,101,2022,D.I. Yogyakarta
Pacitan,6,2022,Jawa Timur
Ponorogo,60,2022,Jawa Timur
Trenggalek,15,2022,Jawa Timur
Tulungagung,76,2022,Jawa Timur
Blitar,26,2022,Jawa Timur
Kediri,30,2022,Jawa Timur
Malang,25,2022,Jawa Timur
Lumajang,37,2022,Jawa Timur
Jember,21,2022,Jawa Timur
Banyuwangi,50,2022,Jawa Timur
Bondowoso,22,2022,Jawa Timur
Situbondo,39,2022,Jawa Timur
Probolinggo,28,2022,Jawa Timur
Pasuruan,13,2022,Jawa Timur
Sidoarjo,170,2022,Jawa Timur
Mojokerto,28,2022,Jawa Timur
Jombang,25,2022,Jawa Timur
Nganjuk,42,2022,Jawa Timur
Madiun,41,2022,Jawa Timur
Magetan,35,2022,Jawa Timur
Ngawi,10,2022,Jawa Timur
Bojonegoro,18,2022,Jawa Timur
Tuban,12,2022,Jawa Timur
Lamongan,24,2022,Jawa Timur
Gresik,55,2022,Jawa Timur
Bangkalan,64,2022,Jawa Timur
Sampang,4,2022,Jawa Timur
Pamekasan,19,2022,Jawa Timur
Sumenep,35,2022,Jawa Timur
Surabaya,97,2022,Jawa Timur
Batu,74,2022,Jawa Timur
Pandeglang,23,2022,Banten
Lebak,57,2022,Banten
Tangerang,171,2022,Banten
Serang,89,2022,Banten
Cilegon,264,2022,Banten
Tangerang Selatan,150,2022,Banten
Jembrana,43,2022,Bali
Tabanan,77,2022,Bali
Badung,101,2022,Bali
Gianyar,71,2022,Bali
Klungkung,75,2022,Bali
Bangli,39,2022,Bali
Karangasem,9,2022,Bali
Buleleng,23,2022,Bali
Denpasar,184,2022,Bali
Lombok Barat,48,2022,Nusa Tenggara Barat
Lombok Tengah,4,2022,Nusa Tenggara Barat
Lombok Timur,24,2022,Nusa Tenggara Barat
Sumbawa,24,2022,Nusa Tenggara Barat
Dompu,30,2022,Nusa Tenggara Barat
Bima,89,2022,Nusa Tenggara Barat
Sumbawa Barat,113,2022,Nusa Tenggara Barat
Lombok Utara,7,2022,Nusa Tenggara Barat
Mataram,173,2022,Nusa Tenggara Barat
Sumba Barat,2,2022,Nusa Tenggara Timur
Sumba Timur,1,2022,Nusa Tenggara Timur
Kupang,1,2022,Nusa Tenggara Timur
Timor Tengah Selatan,1,2022,Nusa Tenggara Timur
Timor Tengah Utara,2,2022,Nusa Tenggara Timur
Belu,3,2022,Nusa Tenggara Timur
Alor,6,2022,Nusa Tenggara Timur
Lembata,31,2022,Nusa Tenggara Timur
Flores Timur,22,2022,Nusa Tenggara Timur
Sikka,14,2022,Nusa Tenggara Timur
Ende,15,2022,Nusa Tenggara Timur
Ngada,9,2022,Nusa Tenggara Timur
Manggarai,16,2022,Nusa Tenggara Timur
Rote Ndao,4,2022,Nusa Tenggara Timur
Manggarai Barat,17,2022,Nusa Tenggara Timur
Sumba Tengah,8,2022,Nusa Tenggara Timur
Sumba Barat Daya,7,2022,Nusa Tenggara Timur
Nagekeo,5,2022,Nusa Tenggara Timur
Manggarai Timur,,2022,Nusa Tenggara Timur
Sabu Raijua,4,2022,Nusa Tenggara Timur
Malaka,2,2022,Nusa Tenggara Timur
Sambas,53,2022,Kalimantan Barat
Bengkayang,9,2022,Kalimantan Barat
Landak,10,2022,Kalimantan Barat
Mempawah,82,2022,Kalimantan Barat
Sanggau,52,2022,Kalimantan Barat
Ketapang,34,2022,Kalimantan Barat
Sintang,41,2022,Kalimantan Barat
Kapuas Hulu,108,2022,Kalimantan Barat
Sekadau,62,2022,Kalimantan Barat
Melawi,63,2022,Kalimantan Barat
Kayong Utara,34,2022,Kalimantan Barat
Kubu Raya,53,2022,Kalimantan Barat
Pontianak,212,2022,Kalimantan Barat
Singkawang,176,2022,Kalimantan Barat
Kotawaringin Barat,72,2022,Kalimantan Tengah
Kotawaringin Timur,104,2022,Kalimantan Tengah
Kapuas,35,2022,Kalimantan Tengah
Barito Selatan,244,2022,Kalimantan Tengah
Barito Utara,144,2022,Kalimantan Tengah
Sukamara,41,2022,Kalimantan Tengah
Lamandau,12,2022,Kalimantan Tengah
Seruyan,216,2022,Kalimantan Tengah
Katingan,96,2022,Kalimantan Tengah
Pulang Pisau,55,2022,Kalimantan Tengah
Gunung Mas,42,2022,Kalimantan Tengah
Barito Timur,151,2022,Kalimantan Tengah
Murung Raya,180,2022,Kalimantan Tengah
Palangka Raya,146,2022,Kalimantan Tengah
Tanah Laut,31,2022,Kalimantan Selatan
Kotabaru,85,2022,Kalimantan Selatan
Barito Kuala,30,2022,Kalimantan Selatan
Tapin,77,2022,Kalimantan Selatan
Hulu Sungai Selatan,53,2022,Kalimantan Selatan
Hulu Sungai Tengah,39,2022,Kalimantan Selatan
Hulu Sungai Utara,84,2022,Kalimantan Selatan
Tabalong,122,2022,Kalimantan Selatan
Tanah Bumbu,78,2022,Kalimantan Selatan
Balangan,53,2022,Kalimantan Selatan
Banjarmasin,135,2022,Kalimantan Selatan
Banjar Baru,232,2022,Kalimantan Selatan
Paser,105,2022,Kalimantan Timur
Kutai Barat,30,2022,Kalimantan Timur
Kutai Kartanegara,98,2022,Kalimantan Timur
Kutai Timur,99,2022,Kalimantan Timur
Berau,238,2022,Kalimantan Timur
Penajam Paser Utara,58,2022,Kalimantan Timur
Mahakam Ulu,37,2022,Kalimantan Timur
Balikpapan,208,2022,Kalimantan Timur
Samarinda,321,2022,Kalimantan Timur
Bontang,202,2022,Kalimantan Timur
Malinau,66,2022,Kalimantan Utara
Bulungan,74,2022,Kalimantan Utara
Tana Tidung,154,2022,Kalimantan Utara
Nunukan,195,2022,Kalimantan Utara
Tarakan,141,2022,Kalimantan Utara
Bolaang Mongondow,11,2022,Sulawesi Utara
Minahasa,27,2022,Sulawesi Utara
Kepulauan Sangihe,10,2022,Sulawesi Utara
Kepulauan Talaud,3,2022,Sulawesi Utara
Minahasa Selatan,62,2022,Sulawesi Utara
Minahasa Utara,140,2022,Sulawesi Utara
Bolaang Mongondow Utara,42,2022,Sulawesi Utara
Siau Tagulandang Biaro,47,2022,Sulawesi Utara
Minahasa Tenggara,22,2022,Sulawesi Utara
Bolaang Mongondow Selatan,2,2022,Sulawesi Utara
Bolaang Mongondow Timur,22,2022,Sulawesi Utara
Manado,123,2022,Sulawesi Utara
Bitung,108,2022,Sulawesi Utara
Tomohon,72,2022,Sulawesi Utara
Kotamobagu,12,2022,Sulawesi Utara
Banggai Kepulauan,22,2022,Sulawesi Tengah
Banggai,51,2022,Sulawesi Tengah
Morowali,50,2022,Sulawesi Tengah
Poso,63,2022,Sulawesi Tengah
Donggala,13,2022,Sulawesi Tengah
Toli-Toli,18,2022,Sulawesi Tengah
Buol,20,2022,Sulawesi Tengah
Parigi Moutong,20,2022,Sulawesi Tengah
Tojo Una-Una,76,2022,Sulawesi Tengah
Sigi,21,2022,Sulawesi Tengah
Banggai Laut,39,2022,Sulawesi Tengah
Morowali Utara,20,2022,Sulawesi Tengah
Palu,108,2022,Sulawesi Tengah
Kepulauan Selayar,276,2022,Sulawesi Selatan
Bulukumba,114,2022,Sulawesi Selatan
Bantaeng,68,2022,Sulawesi Selatan
Jeneponto,68,2022,Sulawesi Selatan
Takalar,67,2022,Sulawesi Selatan
Gowa,103,2022,Sulawesi Selatan
Sinjai,83,2022,Sulawesi Selatan
Maros,155,2022,Sulawesi Selatan
Pangkajene dan Kepulauan,160,2022,Sulawesi Selatan
Barru,85,2022,Sulawesi Selatan
Bone,157,2022,Sulawesi Selatan
Soppeng,143,2022,Sulawesi Selatan
Wajo,132,2022,Sulawesi Selatan
Sidenreng Rappang,93,2022,Sulawesi Selatan
Pinrang,22,2022,Sulawesi Selatan
Enrekang,58,2022,Sulawesi Selatan
Luwu,46,2022,Sulawesi Selatan
Tana Toraja,9,2022,Sulawesi Selatan
Luwu Utara,47,2022,Sulawesi Selatan
Luwu Timur,84,2022,Sulawesi Selatan
Toraja Utara,21,2022,Sulawesi Selatan
Makasar,274,2022,Sulawesi Selatan
Parepare,165,2022,Sulawesi Selatan
Palopo,100,2022,Sulawesi Selatan
Buton,41,2022,Sulawesi Tenggara
Muna,30,2022,Sulawesi Tenggara
Konawe,47,2022,Sulawesi Tenggara
Kolaka,66,2022,Sulawesi Tenggara
Konawe Selatan,13,2022,Sulawesi Tenggara
Bombana,111,2022,Sulawesi Tenggara
Wakatobi,222,2022,Sulawesi Tenggara
Kolaka Utara,144,2022,Sulawesi Tenggara
Buton Utara,42,2022,Sulawesi Tenggara
Konawe Utara,129,2022,Sulawesi Tenggara
Kolaka Timur,11,2022,Sulawesi Tenggara
Konawe Kepulauan,75,2022,Sulawesi Tenggara
Muna Barat,21,2022,Sulawesi Tenggara
Buton Tengah,69,2022,Sulawesi Tenggara
Buton Selatan,48,2022,Sulawesi Tenggara
Kendari,190,2022,Sulawesi Tenggara
Baubau,157,2022,Sulawesi Tenggara
Boalemo,17,2022,Gorontalo
Gorontalo,13,2022,Gorontalo
Pohuwato,17,2022,Gorontalo
Bone Bolango,17,2022,Gorontalo
Gorontalo Utara,8,2022,Gorontalo
Majene,54,2022,Sulawesi Barat
Polewali Mandar,38,2022,Sulawesi Barat
Mamasa,6,2022,Sulawesi Barat
Mamuju,39,2022,Sulawesi Barat
Mamuju Utara,28,2022,Sulawesi Barat
Mamuju Tengah,48,2022,Sulawesi Barat
Maluku Tenggara Barat,14,2022,Maluku
Maluku Tenggara,63,2022,Maluku
Maluku Tengah,46,2022,Maluku
Buru,32,2022,Maluku
Kepulauan Aru,17,2022,Maluku
Seram Bagian Barat,31,2022,Maluku
Seram Bagian Timur,99,2022,Maluku
Maluku Barat Daya,62,2022,Maluku
Buru Selatan,25,2022,Maluku
Ambon,114,2022,Maluku
Tual,91,2022,Maluku
Halmahera Barat,28,2022,Maluku Utara
Halmahera Tengah,49,2022,Maluku Utara
Kepulauan Sula,35,2022,Maluku Utara
Halmahera Selatan,34,2022,Maluku Utara
Halmahera Utara,39,2022,Maluku Utara
Halmahera Timur,53,2022,Maluku Utara
Pulau Morotai,49,2022,Maluku Utara
Pulau Taliabu,79,2022,Maluku Utara
Ternate,61,2022,Maluku Utara
Tidore Kepulauan,44,2022,Maluku Utara
Fakfak,232,2022,Papua Barat
Kaimana,200,2022,Papua Barat
Teluk Wondama,72,2022,Papua Barat
Teluk Bintuni,167,2022,Papua Barat
Manokwari,38,2022,Papua Barat
Sorong Selatan,12,2022,Papua Barat
Sorong,29,2022,Papua Barat
Raja Ampat,136,2022,Papua Barat
Tambrauw,103,2022,Papua Barat
Maybrat,14,2022,Papua Barat
Manokwari Selatan,21,2022,Papua Barat
Pegunungan Arfak,42,2022,Papua Barat
Merauke,187,2022,Papua
Jayawijaya,125,2022,Papua
Jayapura,121,2022,Papua
Nabire,103,2022,Papua
Kepulauan Yapen,44,2022,Papua
Biak Numfor,31,2022,Papua
Paniai,,2022,Papua
Puncak Jaya,18,2022,Papua
Mimika,137,2022,Papua
Boven Digoel,28,2022,Papua
Mappi,38,2022,Papua
Asmat,66,2022,Papua
Yahukimo,2,2022,Papua
Pegunungan Bintang,,2022,Papua
Tolikara,,2022,Papua
Sarmi,199,2022,Papua
Keerom,12,2022,Papua
Waropen,150,2022,Papua
Supiori,104,2022,Papua
Mamberamo Raya,115,2022,Papua
Nduga,36,2022,Papua
Lanny Jaya,0,2022,Papua
Mamberamo Tengah,5,2022,Papua
Yalimo,18,2022,Papua
Puncak,,2022,Jawa Barat
Dogiyai,,2022,Papua
Intan Jaya,,2022,Papua
Deiyai,,2022,Papua
